,abbreviation,season,avg_player_height,lg,team,playoffs,age,w,l,pw,pl,mov,sos,srs,o_rtg,d_rtg,n_rtg,pace,f_tr,x3p_ar,ts_percent,e_fg_percent,tov_percent,orb_percent,ft_fga,opp_e_fg_percent,opp_tov_percent,opp_drb_percent,opp_ft_fga,arena,attend,attend_g
0,ATL,2012,199.86625,NBA,Atlanta Hawks,True,27.9,40.0,26.0,41.0,25.0,3.44,-0.77,2.67,104.9,101.2,3.7,90.2,0.259,0.249,0.535,0.5,13.4,23.9,0.192,0.48,14.4,74.4,0.186,Philips Arena,501593.0,15200.0
1,ATL,2013,200.50125,NBA,Atlanta Hawks,True,27.1,44.0,38.0,42.0,40.0,0.4,-0.48,-0.08,104.8,104.4,0.4,92.6,0.244,0.286,0.546,0.517,14.2,22.2,0.174,0.496,14.2,73.6,0.181,Philips Arena,620146.0,15126.0
2,ATL,2014,200.66,NBA,Atlanta Hawks,True,27.5,38.0,44.0,40.0,42.0,-0.48,-0.4,-0.88,105.9,106.4,-0.5,94.6,0.266,0.316,0.554,0.515,14.3,21.0,0.208,0.51,14.0,74.4,0.196,Philips Arena,587927.0,14231.0
3,ATL,2015,201.33733333333333,NBA,Atlanta Hawks,True,27.8,60.0,22.0,56.0,26.0,5.43,-0.68,4.75,108.9,103.1,5.8,93.9,0.259,0.321,0.563,0.527,13.5,21.4,0.201,0.492,14.9,73.4,0.185,Philips Arena,713909.0,17412.0
4,ATL,2016,200.5188888888889,NBA,Atlanta Hawks,True,28.2,48.0,34.0,51.0,31.0,3.61,-0.12,3.49,105.1,101.4,3.7,97.1,0.237,0.336,0.552,0.516,13.8,19.1,0.185,0.48,14.4,74.6,0.194,Philips Arena,690150.0,16833.0
5,ATL,2017,199.7242105263158,NBA,Atlanta Hawks,True,27.9,43.0,39.0,39.0,43.0,-0.85,-0.38,-1.23,104.9,105.7,-0.8,97.4,0.295,0.309,0.541,0.504,14.2,23.6,0.215,0.507,13.8,76.1,0.179,Philips Arena,654306.0,15959.0
6,ATL,2018,202.63555555555556,NBA,Atlanta Hawks,False,25.4,24.0,58.0,27.0,55.0,-5.45,0.15,-5.3,105.0,110.6,-5.6,98.3,0.236,0.363,0.547,0.512,14.1,21.1,0.185,0.536,13.6,76.2,0.183,Philips Arena,590769.0,14409.0
7,ATL,2019,200.23666666666668,NBA,Atlanta Hawks,False,25.1,29.0,53.0,27.0,55.0,-6.02,-0.04,-6.06,108.1,113.9,-5.8,103.9,0.255,0.403,0.555,0.522,14.3,24.7,0.192,0.541,12.8,76.4,0.237,State Farm Arena,628440.0,15328.0
8,ATL,2020,198.71764705882353,NBA,Atlanta Hawks,False,24.1,20.0,47.0,18.0,49.0,-7.97,0.27,-7.71,107.2,114.8,-7.6,103.0,0.258,0.398,0.554,0.515,13.8,21.6,0.204,0.543,12.7,74.9,0.233,State Farm Arena,545453.0,16043.0
9,ATL,2021,198.48285714285717,NBA,Atlanta Hawks,True,25.4,41.0,31.0,41.0,31.0,2.32,-0.18,2.14,115.7,113.3,2.4,97.6,0.278,0.382,0.581,0.539,11.9,24.4,0.226,0.53,11.1,77.8,0.19,State Farm Arena,59288.0,1647.0
10,ATL,2022,198.96666666666667,NBA,Atlanta Hawks,True,26.1,43.0,39.0,45.0,37.0,1.56,-0.01,1.55,116.5,114.9,1.6,97.7,0.253,0.39,0.581,0.543,10.8,23.0,0.205,0.543,11.5,76.9,0.177,State Farm Arena,672742.0,16408.0
11,BKN,2013,200.66000000000003,NBA,Brooklyn Nets,True,28.6,49.0,33.0,46.0,36.0,1.78,-0.53,1.25,108.2,106.2,2.0,88.8,0.299,0.269,0.536,0.498,14.0,30.9,0.219,0.503,13.1,73.7,0.174,Barclays Center,704702.0,17188.0
12,BKN,2014,202.08875,NBA,Brooklyn Nets,True,30.0,44.0,38.0,38.0,44.0,-1.0,-0.58,-1.58,106.7,107.7,-1.0,91.4,0.313,0.301,0.555,0.514,14.1,21.7,0.236,0.509,14.9,72.3,0.236,Barclays Center,707331.0,17252.0
13,BKN,2015,200.95882352941177,NBA,Brooklyn Nets,True,28.6,38.0,44.0,33.0,49.0,-2.88,-0.25,-3.13,104.4,107.4,-3.0,92.7,0.267,0.24,0.529,0.491,13.0,23.9,0.2,0.506,12.9,73.7,0.185,Barclays Center,698529.0,17037.0
14,BKN,2016,200.23666666666668,NBA,Brooklyn Nets,False,26.9,21.0,61.0,22.0,60.0,-7.35,0.24,-7.12,103.2,110.9,-7.7,95.2,0.246,0.218,0.527,0.492,13.6,24.1,0.186,0.534,13.1,75.7,0.176,Barclays Center,620142.0,15125.0
15,BKN,2017,201.08333333333334,NBA,Brooklyn Nets,False,26.0,20.0,62.0,24.0,58.0,-6.73,-0.01,-6.74,104.1,110.7,-6.6,101.3,0.289,0.371,0.551,0.507,14.7,19.6,0.228,0.513,11.6,76.1,0.212,Barclays Center,632608.0,15429.0
16,BKN,2018,200.21176470588236,NBA,Brooklyn Nets,False,25.1,28.0,54.0,31.0,51.0,-3.74,0.07,-3.67,106.9,110.6,-3.7,98.9,0.26,0.411,0.551,0.514,13.6,21.0,0.201,0.517,11.0,77.0,0.201,Barclays Center,640010.0,15376.0
17,BKN,2019,199.39,NBA,Brooklyn Nets,True,25.4,42.0,40.0,41.0,41.0,-0.07,-0.33,-0.4,109.6,109.7,-0.1,100.8,0.284,0.403,0.556,0.52,13.0,23.8,0.211,0.512,11.6,76.4,0.19,Barclays Center,612597.0,14941.0
18,BKN,2020,198.96666666666667,NBA,Brooklyn Nets,True,26.3,35.0,37.0,35.0,37.0,-0.57,-0.44,-1.01,108.9,109.5,-0.6,101.4,0.267,0.423,0.554,0.52,13.1,23.2,0.199,0.511,11.0,77.8,0.187,Barclays Center,524907.0,16403.0
19,BKN,2021,198.12,NBA,Brooklyn Nets,True,28.2,48.0,24.0,46.0,26.0,4.5,-0.27,4.24,118.3,113.8,4.5,99.5,0.258,0.413,0.61,0.575,12.2,21.4,0.208,0.531,11.1,77.3,0.187,Barclays Center,30491.0,847.0
20,BKN,2022,198.882,NBA,Brooklyn Nets,True,29.1,44.0,38.0,43.0,39.0,0.78,0.04,0.82,113.6,112.8,0.8,99.0,0.246,0.359,0.576,0.54,12.5,23.9,0.198,0.521,11.7,75.1,0.201,Barclays Center,711539.0,17355.0
21,BOS,2012,200.80941176470589,NBA,Boston Celtics,True,29.3,39.0,27.0,39.0,27.0,2.52,-0.26,2.26,101.0,98.2,2.8,90.4,0.257,0.194,0.535,0.496,14.7,19.7,0.2,0.452,14.9,72.4,0.216,TD Garden,614592.0,18624.0
22,BOS,2013,198.59625,NBA,Boston Celtics,True,29.1,41.0,40.0,40.0,41.0,-0.22,-0.4,-0.62,103.1,103.3,-0.2,91.7,0.263,0.215,0.542,0.503,14.1,20.1,0.204,0.482,14.2,73.3,0.216,TD Garden,744960.0,18624.0
23,BOS,2014,198.66428571428574,NBA,Boston Celtics,False,25.4,25.0,57.0,28.0,54.0,-4.46,-0.51,-4.97,102.9,107.7,-4.8,93.3,0.248,0.251,0.517,0.477,14.2,27.4,0.193,0.505,13.4,74.2,0.227,TD Garden,742400.0,18107.0
24,BOS,2015,199.136,NBA,Boston Celtics,True,25.0,40.0,42.0,41.0,41.0,0.16,-0.56,-0.4,104.7,104.5,0.2,95.8,0.233,0.28,0.523,0.489,12.5,24.7,0.176,0.494,13.7,75.0,0.208,TD Garden,721350.0,17594.0
25,BOS,2016,198.62800000000001,NBA,Boston Celtics,True,25.2,48.0,34.0,50.0,32.0,3.21,-0.37,2.84,106.8,103.6,3.2,98.5,0.264,0.293,0.531,0.488,12.1,25.1,0.208,0.487,14.6,74.6,0.231,TD Garden,749076.0,18270.0
26,BOS,2017,198.52105263157895,NBA,Boston Celtics,True,25.9,53.0,29.0,48.0,34.0,2.63,-0.39,2.25,111.2,108.4,2.8,96.8,0.273,0.393,0.567,0.525,12.2,21.2,0.22,0.503,12.6,75.3,0.223,TD Garden,760690.0,18553.0
27,BOS,2018,200.025,NBA,Boston Celtics,True,24.7,55.0,27.0,51.0,31.0,3.59,-0.35,3.23,107.6,103.9,3.7,96.0,0.243,0.357,0.552,0.518,13.0,21.5,0.188,0.495,13.0,78.4,0.191,TD Garden,763584.0,18624.0
28,BOS,2019,197.67176470588237,NBA,Boston Celtics,True,25.7,49.0,33.0,52.0,30.0,4.44,-0.54,3.9,112.2,107.8,4.4,99.6,0.215,0.381,0.567,0.534,11.5,21.6,0.173,0.514,13.4,77.0,0.198,TD Garden,763584.0,18624.0
29,BOS,2020,200.09555555555553,NBA,Boston Celtics,True,25.3,48.0,24.0,50.0,22.0,6.31,-0.47,5.83,113.3,107.0,6.3,99.5,0.259,0.386,0.57,0.531,12.2,23.9,0.207,0.509,13.5,77.4,0.215,TD Garden,610864.0,19090.0
30,BOS,2021,199.85181818181817,NBA,Boston Celtics,True,25.1,36.0,36.0,39.0,33.0,1.46,-0.14,1.32,114.0,112.5,1.5,98.3,0.234,0.409,0.574,0.543,12.5,24.3,0.181,0.539,12.8,78.1,0.215,TD Garden,30067.0,835.0
31,BOS,2022,200.8011111111111,NBA,Boston Celtics,True,26.1,51.0,31.0,59.0,23.0,7.28,-0.26,7.02,114.4,106.9,7.5,96.6,0.239,0.425,0.578,0.542,12.4,24.0,0.195,0.502,12.5,77.3,0.183,TD Garden,727928.0,17754.0
32,CHA,2012,200.6977777777778,NBA,Charlotte Bobcats,False,24.5,7.0,59.0,7.0,59.0,-13.91,-0.05,-13.96,95.2,110.4,-15.2,91.1,0.276,0.169,0.483,0.439,13.9,23.6,0.206,0.512,12.8,70.9,0.206,Time Warner Cable Arena,486984.0,14757.0
33,CHA,2013,198.96666666666667,NBA,Charlotte Bobcats,False,24.4,21.0,61.0,17.0,65.0,-9.23,-0.06,-9.29,101.5,111.5,-10.0,91.5,0.31,0.21,0.507,0.46,13.2,25.7,0.233,0.524,13.2,71.1,0.197,Time Warner Cable Arena,628293.0,15324.0
34,CHA,2014,197.96125,NBA,Charlotte Bobcats,True,25.5,43.0,39.0,40.0,42.0,-0.22,-0.67,-0.89,103.6,103.8,-0.2,92.4,0.297,0.219,0.522,0.481,11.7,21.9,0.219,0.491,12.6,77.6,0.183,Time Warner Cable Arena,636268.0,15519.0
35,CHA,2015,200.68625,NBA,Charlotte Hornets,False,26.0,33.0,49.0,32.0,50.0,-3.17,-0.27,-3.44,100.1,103.5,-3.4,93.0,0.269,0.226,0.498,0.456,11.2,22.1,0.202,0.487,12.0,79.3,0.188,Time Warner Cable Arena,704886.0,17192.0
36,CHA,2016,200.80941176470589,NBA,Charlotte Hornets,True,26.0,48.0,34.0,49.0,33.0,2.72,-0.36,2.36,107.1,104.3,2.8,95.7,0.28,0.348,0.545,0.502,11.7,20.0,0.222,0.496,12.5,79.8,0.191,Time Warner Cable Arena,716894.0,17485.0
37,CHA,2017,201.10823529411766,NBA,Charlotte Hornets,False,26.5,36.0,46.0,42.0,40.0,0.2,-0.26,-0.07,108.8,108.6,0.2,95.7,0.279,0.335,0.547,0.501,10.7,19.9,0.227,0.523,12.1,79.6,0.164,Spectrum Center,710643.0,17333.0
38,CHA,2018,198.71764705882353,NBA,Charlotte Hornets,False,26.6,36.0,46.0,42.0,40.0,0.26,-0.19,0.07,109.4,109.1,0.3,98.4,0.312,0.314,0.549,0.508,11.4,22.2,0.233,0.532,12.4,80.7,0.165,Spectrum Center,671404.0,16376.0
39,CHA,2019,198.8457142857143,NBA,Charlotte Hornets,False,26.6,39.0,43.0,38.0,44.0,-1.1,-0.22,-1.32,111.4,112.5,-1.1,98.7,0.257,0.378,0.554,0.514,10.9,21.7,0.205,0.538,12.1,77.1,0.179,Spectrum Center,676570.0,16502.0
40,CHA,2020,197.97058823529412,NBA,Charlotte Hornets,False,24.3,23.0,42.0,19.0,46.0,-6.75,-0.28,-7.03,106.3,113.3,-7.0,95.8,0.252,0.399,0.539,0.504,13.3,23.9,0.188,0.546,13.1,74.4,0.159,Spectrum Center,478591.0,15428.0
41,CHA,2021,200.06235294117647,NBA,Charlotte Hornets,False,24.6,33.0,39.0,32.0,40.0,-1.93,-0.01,-1.94,110.9,112.8,-1.9,98.3,0.238,0.422,0.564,0.532,13.3,23.5,0.181,0.55,13.2,75.7,0.163,Spectrum Center,68255.0,1896.0
42,CHA,2022,199.61411764705883,NBA,Charlotte Hornets,False,25.5,43.0,39.0,42.0,40.0,0.44,0.09,0.53,114.1,113.7,0.4,100.0,0.234,0.418,0.572,0.544,11.6,23.3,0.173,0.544,13.1,74.8,0.187,Spectrum Center,700755.0,17092.0
43,CHI,2012,199.93428571428572,NBA,Chicago Bulls,True,27.1,50.0,16.0,51.0,15.0,8.18,-0.76,7.43,107.4,98.3,9.1,89.1,0.255,0.205,0.523,0.49,13.2,32.6,0.184,0.45,12.8,74.3,0.175,United Center,731326.0,22161.0
44,CHI,2013,200.025,NBA,Chicago Bulls,True,28.0,45.0,37.0,42.0,40.0,0.32,-0.33,-0.02,103.5,103.2,0.3,89.3,0.259,0.189,0.512,0.47,13.6,29.4,0.201,0.477,13.2,73.6,0.206,United Center,896944.0,21877.0
45,CHI,2014,201.56714285714287,NBA,Chicago Bulls,True,28.6,48.0,34.0,47.0,35.0,1.85,-0.66,1.2,102.5,100.5,2.0,90.2,0.29,0.222,0.518,0.471,14.2,27.2,0.226,0.471,13.7,75.4,0.189,United Center,890370.0,21716.0
46,CHI,2015,202.01466666666664,NBA,Chicago Bulls,True,28.8,50.0,32.0,50.0,32.0,3.0,-0.46,2.54,107.5,104.3,3.2,92.8,0.304,0.269,0.536,0.489,12.9,27.0,0.238,0.473,11.3,74.4,0.182,United Center,886612.0,21625.0
47,CHI,2016,199.0725,NBA,Chicago Bulls,False,27.6,42.0,40.0,37.0,45.0,-1.48,0.01,-1.46,105.0,106.5,-1.5,95.7,0.24,0.244,0.526,0.487,12.6,24.5,0.189,0.485,10.7,74.9,0.182,United Center,894659.0,21821.0
48,CHI,2017,200.25894736842105,NBA,Chicago Bulls,True,26.9,41.0,41.0,42.0,40.0,0.43,-0.39,0.03,107.4,107.0,0.4,95.3,0.259,0.256,0.53,0.487,12.3,27.0,0.206,0.507,12.4,76.8,0.169,United Center,888882.0,21680.0
49,CHI,2018,198.40222222222224,NBA,Chicago Bulls,False,24.4,27.0,55.0,23.0,59.0,-7.04,0.2,-6.84,103.8,110.9,-7.1,98.3,0.216,0.35,0.529,0.497,12.6,20.6,0.164,0.542,12.4,80.6,0.184,United Center,851824.0,20776.0
50,CHI,2019,201.10823529411766,NBA,Chicago Bulls,False,24.0,22.0,60.0,21.0,61.0,-8.41,0.1,-8.32,104.8,113.2,-8.4,99.0,0.235,0.295,0.541,0.505,12.7,19.4,0.184,0.541,11.9,77.3,0.188,United Center,823475.0,20085.0
51,CHI,2020,199.31529411764706,NBA,Chicago Bulls,False,24.4,22.0,43.0,26.0,39.0,-3.08,-0.93,-4.0,106.7,109.8,-3.1,99.7,0.231,0.396,0.547,0.515,13.7,22.8,0.175,0.546,16.3,75.6,0.239,United Center,639352.0,18804.0
52,CHI,2021,198.882,NBA,Chicago Bulls,False,25.6,31.0,41.0,34.0,38.0,-0.89,-0.05,-0.94,111.1,112.0,-0.9,99.0,0.197,0.383,0.575,0.547,13.6,22.3,0.156,0.538,11.6,80.3,0.196,United Center,13655.0,379.0
53,CHI,2022,198.86705882352942,NBA,Chicago Bulls,True,26.3,46.0,36.0,40.0,42.0,-0.39,0.02,-0.38,113.2,113.6,-0.4,98.3,0.248,0.332,0.579,0.541,11.8,20.4,0.201,0.541,11.9,78.3,0.199,United Center,856148.0,20882.0
54,CLE,2012,200.3425,NBA,Cleveland Cavaliers,False,26.0,21.0,45.0,17.0,49.0,-7.2,-0.14,-7.34,101.1,108.9,-7.8,91.3,0.307,0.238,0.505,0.463,14.3,28.9,0.22,0.508,13.1,72.2,0.202,Quicken Loans Arena,525577.0,15927.0
55,CLE,2013,200.66,NBA,Cleveland Cavaliers,False,24.1,24.0,58.0,28.0,54.0,-4.68,-0.19,-4.87,104.3,109.4,-5.1,92.3,0.265,0.229,0.514,0.473,13.0,28.1,0.2,0.523,14.4,72.6,0.225,Quicken Loans Arena,663882.0,16192.0
56,CLE,2014,202.90117647058824,NBA,Cleveland Cavaliers,False,24.9,33.0,49.0,32.0,50.0,-3.29,-0.57,-3.86,104.2,107.7,-3.5,93.1,0.268,0.236,0.518,0.479,13.0,27.2,0.201,0.508,13.0,75.8,0.199,Quicken Loans Arena,710522.0,17330.0
57,CLE,2015,200.36117647058822,NBA,Cleveland Cavaliers,True,26.9,53.0,29.0,53.0,29.0,4.48,-0.4,4.08,111.1,106.3,4.8,92.3,0.287,0.334,0.557,0.52,13.4,26.8,0.216,0.502,12.6,74.7,0.177,Quicken Loans Arena,843042.0,20562.0
58,CLE,2016,201.72947368421055,NBA,Cleveland Cavaliers,True,28.1,57.0,25.0,57.0,25.0,6.0,-0.55,5.45,110.9,104.5,6.4,93.3,0.259,0.352,0.558,0.524,12.7,25.1,0.194,0.496,12.6,78.5,0.205,Quicken Loans Arena,843042.0,20562.0
59,CLE,2017,201.77125,NBA,Cleveland Cavaliers,True,29.2,51.0,31.0,49.0,33.0,3.18,-0.31,2.87,113.6,110.3,3.3,96.2,0.275,0.399,0.58,0.547,12.6,21.9,0.206,0.516,11.4,75.8,0.174,Quicken Loans Arena,843042.0,20562.0
60,CLE,2018,200.41809523809522,NBA,Cleveland Cavaliers,True,30.6,50.0,32.0,43.0,39.0,0.94,-0.35,0.59,112.9,111.9,1.0,98.0,0.275,0.379,0.584,0.547,12.6,20.1,0.214,0.54,12.2,77.3,0.166,Quicken Loans Arena,843042.0,20562.0
61,CLE,2019,198.12,NBA,Cleveland Cavaliers,False,25.2,19.0,63.0,19.0,63.0,-9.61,0.22,-9.39,107.7,117.6,-9.9,96.6,0.236,0.332,0.54,0.503,12.2,23.7,0.187,0.564,11.5,77.0,0.181,Quicken Loans Arena,793337.0,19350.0
62,CLE,2020,199.57142857142858,NBA,Cleveland Cavaliers,False,25.0,19.0,46.0,18.0,47.0,-7.89,0.12,-7.77,107.5,115.4,-7.9,98.7,0.227,0.362,0.553,0.522,14.6,24.6,0.172,0.56,11.7,77.4,0.164,Rocket Mortgage Fieldhouse,643008.0,17861.0
63,CLE,2021,198.92818181818183,NBA,Cleveland Cavaliers,False,24.0,22.0,50.0,18.0,54.0,-8.44,0.25,-8.19,105.8,114.4,-8.6,97.3,0.261,0.347,0.543,0.508,13.9,23.6,0.194,0.556,13.0,76.6,0.183,Rocket Mortgage Fieldhouse,91476.0,2541.0
64,CLE,2022,198.56823529411764,NBA,Cleveland Cavaliers,False,24.7,44.0,38.0,47.0,35.0,2.12,-0.08,2.04,111.9,109.7,2.2,96.1,0.261,0.387,0.571,0.538,13.2,24.0,0.198,0.52,12.3,76.5,0.172,Rocket Mortgage Fieldhouse,758228.0,18493.0
65,DAL,2012,197.75714285714284,NBA,Dallas Mavericks,True,31.3,36.0,30.0,35.0,31.0,0.95,0.83,1.78,103.3,102.3,1.0,91.4,0.246,0.271,0.527,0.489,13.4,23.4,0.19,0.479,13.9,74.8,0.203,American Airlines Center,671050.0,20335.0
66,DAL,2013,198.28933333333333,NBA,Dallas Mavericks,False,29.5,41.0,41.0,39.0,43.0,-0.6,0.36,-0.24,105.9,106.5,-0.6,94.1,0.242,0.236,0.544,0.506,13.0,21.8,0.192,0.492,13.3,73.1,0.227,American Airlines Center,821490.0,20036.0
67,DAL,2014,200.81875,NBA,Dallas Mavericks,True,30.6,49.0,33.0,48.0,34.0,2.4,0.5,2.91,111.2,108.7,2.5,93.5,0.253,0.274,0.564,0.526,12.7,24.6,0.201,0.515,14.8,72.7,0.229,American Airlines Center,817982.0,19951.0
68,DAL,2015,202.692,NBA,Dallas Mavericks,True,29.9,50.0,32.0,49.0,33.0,2.9,0.46,3.36,109.5,106.4,3.1,95.2,0.262,0.296,0.55,0.515,11.9,23.6,0.197,0.503,14.7,72.2,0.204,American Airlines Center,827702.0,20188.0
69,DAL,2016,199.32315789473682,NBA,Dallas Mavericks,True,30.3,42.0,40.0,40.0,42.0,-0.3,0.29,-0.02,106.7,107.0,-0.3,94.3,0.265,0.339,0.544,0.502,12.0,20.6,0.211,0.504,12.8,76.2,0.198,American Airlines Center,825901.0,20144.0
70,DAL,2017,202.35333333333332,NBA,Dallas Mavericks,False,27.6,33.0,49.0,33.0,49.0,-2.93,0.4,-2.53,105.6,108.8,-3.2,92.2,0.225,0.366,0.541,0.505,11.6,18.1,0.18,0.529,14.4,77.6,0.218,American Airlines Center,811366.0,19789.0
71,DAL,2018,200.18375,NBA,Dallas Mavericks,False,27.7,24.0,58.0,33.0,49.0,-3.04,0.34,-2.7,106.3,109.5,-3.2,95.6,0.217,0.382,0.544,0.513,11.6,18.0,0.166,0.532,12.9,78.9,0.193,American Airlines Center,811453.0,19792.0
72,DAL,2019,199.10777777777778,NBA,Dallas Mavericks,False,26.9,33.0,49.0,38.0,44.0,-1.28,0.42,-0.87,109.4,110.7,-1.3,99.0,0.291,0.422,0.555,0.519,12.7,22.7,0.216,0.522,11.6,77.5,0.191,American Airlines Center,820569.0,20014.0
73,DAL,2020,200.66000000000003,NBA,Dallas Mavericks,True,26.1,43.0,32.0,49.0,26.0,4.95,-0.07,4.87,116.7,111.7,5.0,99.3,0.264,0.457,0.581,0.545,11.2,23.2,0.206,0.525,10.6,77.7,0.175,American Airlines Center,682096.0,20062.0
74,DAL,2021,198.72476190476192,NBA,Dallas Mavericks,True,26.3,42.0,30.0,41.0,31.0,2.26,-0.01,2.26,115.4,113.0,2.4,97.3,0.242,0.436,0.582,0.55,11.1,21.1,0.189,0.534,11.5,77.8,0.197,American Airlines Center,94849.0,2635.0
75,DAL,2022,197.63619047619045,NBA,Dallas Mavericks,True,26.7,52.0,30.0,50.0,32.0,3.3,-0.18,3.12,112.8,109.4,3.4,95.4,0.249,0.439,0.572,0.538,11.7,21.3,0.192,0.521,12.2,78.0,0.185,American Airlines Center,808037.0,19708.0
76,DEN,2012,202.86133333333333,NBA,Denver Nuggets,True,26.6,38.0,28.0,39.0,27.0,2.88,0.29,3.16,109.2,106.2,3.0,94.2,0.326,0.243,0.556,0.516,14.1,27.7,0.239,0.508,14.3,74.3,0.185,Pepsi Center,561966.0,17029.0
77,DEN,2013,200.47857142857143,NBA,Denver Nuggets,True,26.1,57.0,25.0,55.0,27.0,5.09,0.28,5.37,110.4,105.1,5.3,95.1,0.308,0.217,0.549,0.515,13.6,31.4,0.216,0.493,14.3,71.8,0.193,Pepsi Center,730616.0,17820.0
78,DEN,2014,198.10888888888888,NBA,Denver Nuggets,False,26.0,36.0,46.0,35.0,47.0,-2.15,0.75,-1.4,106.0,108.2,-2.2,98.1,0.306,0.278,0.536,0.497,14.0,27.5,0.222,0.5,12.8,74.5,0.233,Pepsi Center,692898.0,16900.0
79,DEN,2015,200.50125,NBA,Denver Nuggets,False,26.4,30.0,52.0,31.0,51.0,-3.55,0.48,-3.07,104.5,108.2,-3.7,96.1,0.278,0.284,0.518,0.479,12.7,26.6,0.204,0.504,13.0,74.7,0.239,Pepsi Center,602707.0,14700.0
80,DEN,2016,201.7058823529412,NBA,Denver Nuggets,False,24.7,33.0,49.0,33.0,49.0,-3.1,0.29,-2.81,105.6,108.9,-3.3,95.7,0.282,0.277,0.531,0.489,13.2,25.8,0.216,0.515,12.6,77.3,0.216,Pepsi Center,577898.0,14095.0
81,DEN,2017,200.95882352941177,NBA,Denver Nuggets,False,25.2,40.0,42.0,42.0,40.0,0.51,0.19,0.7,113.2,112.7,0.5,98.3,0.276,0.329,0.568,0.53,13.2,27.3,0.214,0.532,10.9,78.7,0.194,Pepsi Center,605585.0,14672.0
82,DEN,2018,200.09555555555556,NBA,Denver Nuggets,False,25.1,46.0,36.0,45.0,37.0,1.48,0.09,1.57,112.5,111.0,1.5,96.8,0.258,0.357,0.57,0.536,13.4,25.7,0.198,0.539,12.6,77.5,0.173,Pepsi Center,702796.0,17141.0
83,DEN,2019,202.00470588235294,NBA,Denver Nuggets,True,24.9,54.0,28.0,51.0,31.0,3.95,0.24,4.19,113.0,108.9,4.1,97.7,0.232,0.348,0.558,0.527,11.9,26.6,0.175,0.521,12.3,78.0,0.194,Pepsi Center,756457.0,18450.0
84,DEN,2020,199.67222222222222,NBA,Denver Nuggets,True,25.6,46.0,27.0,41.0,32.0,2.11,0.24,2.35,113.1,111.0,2.1,97.1,0.235,0.344,0.567,0.535,12.3,24.8,0.183,0.533,12.9,76.8,0.198,Pepsi Center,633153.0,19186.0
85,DEN,2021,196.977,NBA,Denver Nuggets,True,26.1,47.0,25.0,47.0,25.0,4.93,-0.11,4.82,117.1,112.1,5.0,97.1,0.219,0.383,0.588,0.557,12.1,24.7,0.176,0.545,12.9,78.9,0.2,Ball Arena,54563.0,1516.0
86,DEN,2022,200.3425,NBA,Denver Nuggets,True,27.7,48.0,34.0,47.0,35.0,2.3,-0.15,2.16,114.5,112.1,2.4,97.8,0.244,0.416,0.59,0.556,13.2,21.9,0.194,0.537,11.7,78.3,0.188,Ball Arena,695262.0,16958.0
87,DET,2012,200.66,NBA,Detroit Pistons,False,26.3,25.0,41.0,22.0,44.0,-4.79,-0.4,-5.19,101.0,106.3,-5.3,89.2,0.279,0.175,0.51,0.468,15.0,28.1,0.21,0.5,14.2,72.8,0.226,The Palace of Auburn Hills,475638.0,14413.0
88,DET,2013,199.64399999999998,NBA,Detroit Pistons,False,25.3,29.0,53.0,29.0,53.0,-3.99,-0.34,-4.33,103.8,108.1,-4.3,90.8,0.282,0.217,0.521,0.487,14.3,28.3,0.197,0.505,13.1,73.0,0.209,The Palace of Auburn Hills,606094.0,14685.0
89,DET,2014,199.64399999999998,NBA,Detroit Pistons,False,24.7,29.0,53.0,31.0,51.0,-3.66,-0.48,-4.13,105.9,109.7,-3.8,94.9,0.296,0.222,0.514,0.482,12.9,31.4,0.199,0.52,13.8,73.4,0.218,The Palace of Auburn Hills,616005.0,15025.0
90,DET,2015,200.66,NBA,Detroit Pistons,False,25.9,32.0,50.0,38.0,44.0,-1.0,-0.39,-1.39,105.3,106.4,-1.1,92.8,0.261,0.29,0.515,0.482,12.3,27.7,0.184,0.502,13.2,75.0,0.192,The Palace of Auburn Hills,625917.0,15266.0
91,DET,2016,202.01466666666664,NBA,Detroit Pistons,True,25.0,44.0,38.0,43.0,39.0,0.61,-0.18,0.43,106.1,105.5,0.6,95.1,0.296,0.303,0.522,0.491,12.2,27.0,0.197,0.504,12.5,79.3,0.196,The Palace of Auburn Hills,677138.0,16516.0
92,DET,2017,197.41444444444446,NBA,Detroit Pistons,False,25.4,37.0,45.0,38.0,44.0,-1.12,-0.17,-1.29,106.0,107.1,-1.1,95.0,0.218,0.263,0.521,0.492,10.9,24.1,0.157,0.516,12.1,81.2,0.197,The Palace of Auburn Hills,655141.0,15979.0
93,DET,2018,197.82117647058823,NBA,Detroit Pistons,False,25.9,39.0,43.0,41.0,41.0,-0.15,-0.11,-0.26,107.2,107.3,-0.1,96.2,0.227,0.333,0.543,0.512,12.3,22.7,0.169,0.524,13.7,78.5,0.172,Little Caesars Arena,713945.0,17413.0
94,DET,2019,196.78315789473686,NBA,Detroit Pistons,True,26.9,41.0,41.0,40.0,42.0,-0.24,-0.31,-0.56,109.0,109.2,-0.2,97.4,0.262,0.394,0.544,0.509,12.3,24.8,0.195,0.526,12.8,78.7,0.211,Little Caesars Arena,675963.0,16487.0
95,DET,2020,198.41882352941175,NBA,Detroit Pistons,False,25.9,20.0,46.0,26.0,40.0,-3.56,-0.82,-4.38,109.0,112.7,-3.7,97.6,0.261,0.381,0.561,0.529,13.8,22.6,0.194,0.541,12.7,75.9,0.186,Little Caesars Arena,509469.0,15294.0
96,DET,2021,197.612,NBA,Detroit Pistons,False,24.5,20.0,52.0,26.0,46.0,-4.47,0.09,-4.38,108.0,112.5,-4.5,97.9,0.273,0.385,0.556,0.519,13.5,21.9,0.207,0.541,12.6,76.9,0.195,Little Caesars Arena,14250.0,396.0
97,DET,2022,199.45684210526315,NBA,Detroit Pistons,False,23.6,23.0,59.0,22.0,60.0,-7.72,0.37,-7.36,106.0,113.8,-7.8,98.4,0.249,0.391,0.533,0.494,12.6,23.4,0.194,0.541,13.1,75.6,0.226,Little Caesars Arena,663556.0,16184.0
98,GSW,2012,201.02285714285716,NBA,Golden State Warriors,False,25.3,23.0,43.0,25.0,41.0,-3.41,0.62,-2.79,105.4,109.1,-3.7,92.3,0.227,0.248,0.539,0.505,13.3,22.9,0.175,0.496,13.6,69.1,0.237,Oracle Arena,622311.0,18858.0
99,GSW,2013,202.11142857142858,NBA,Golden State Warriors,True,25.3,47.0,35.0,44.0,38.0,0.89,0.42,1.32,106.4,105.5,0.9,94.5,0.255,0.239,0.545,0.506,14.0,25.4,0.201,0.486,12.4,75.5,0.211,Oracle Arena,794320.0,19374.0
100,GSW,2014,202.52266666666668,NBA,Golden State Warriors,True,26.3,51.0,31.0,54.0,28.0,4.8,0.34,5.15,107.5,102.6,4.9,96.2,0.247,0.291,0.55,0.517,13.8,25.1,0.186,0.477,13.6,76.3,0.224,Oracle Arena,803436.0,19596.0
101,GSW,2015,201.84533333333331,NBA,Golden State Warriors,True,26.6,67.0,15.0,65.0,17.0,10.1,-0.09,10.01,111.6,101.4,10.2,98.3,0.239,0.311,0.571,0.54,13.1,24.1,0.184,0.47,14.3,74.5,0.217,Oracle Arena,803436.0,19596.0
102,GSW,2016,203.35875000000001,NBA,Golden State Warriors,True,27.4,73.0,9.0,65.0,17.0,10.76,-0.38,10.38,114.5,103.8,10.7,99.3,0.25,0.362,0.593,0.563,13.5,23.5,0.191,0.479,12.6,76.0,0.208,Oracle Arena,803436.0,19596.0
103,GSW,2017,203.20000000000002,NBA,Golden State Warriors,True,28.2,67.0,15.0,67.0,15.0,11.63,-0.28,11.35,115.6,104.0,11.6,99.8,0.259,0.359,0.597,0.563,13.2,22.8,0.204,0.486,13.5,74.9,0.198,Oracle Arena,803436.0,19596.0
104,GSW,2018,202.45294117647057,NBA,Golden State Warriors,True,28.8,58.0,24.0,56.0,26.0,5.98,-0.19,5.79,113.6,107.6,6.0,99.6,0.239,0.339,0.603,0.569,14.1,21.0,0.195,0.504,12.6,76.3,0.186,Oracle Arena,803436.0,19596.0
105,GSW,2019,197.16750000000002,NBA,Golden State Warriors,True,28.4,57.0,25.0,56.0,26.0,6.46,-0.04,6.42,115.9,109.5,6.4,100.9,0.227,0.384,0.596,0.565,12.6,22.5,0.182,0.508,11.7,77.1,0.205,Oracle Arena,803436.0,19596.0
106,GSW,2020,198.41882352941175,NBA,Golden State Warriors,False,24.4,15.0,50.0,16.0,49.0,-8.71,0.59,-8.12,105.2,113.8,-8.6,100.3,0.264,0.355,0.54,0.497,13.2,21.5,0.212,0.553,13.7,76.4,0.193,Chase Center,614176.0,18064.0
107,GSW,2021,196.37375,NBA,Golden State Warriors,False,26.7,39.0,33.0,38.0,34.0,1.06,0.04,1.1,111.1,110.1,1.0,102.2,0.239,0.439,0.583,0.551,13.3,17.9,0.188,0.522,13.1,76.6,0.223,Chase Center,33457.0,929.0
108,GSW,2022,196.92470588235295,NBA,Golden State Warriors,True,27.6,53.0,29.0,55.0,27.0,5.54,-0.02,5.52,112.5,106.9,5.6,98.4,0.235,0.456,0.582,0.552,13.5,22.8,0.181,0.509,13.0,78.7,0.201,Chase Center,740624.0,18064.0
109,HOU,2012,201.20428571428573,NBA,Houston Rockets,False,26.2,34.0,32.0,34.0,32.0,0.23,0.35,0.57,105.5,105.2,0.3,91.7,0.235,0.24,0.529,0.492,13.5,27.5,0.184,0.49,13.8,73.4,0.21,Toyota Center,506994.0,15363.0
110,HOU,2013,201.45375,NBA,Houston Rockets,True,24.4,45.0,37.0,50.0,32.0,3.48,0.22,3.69,109.7,106.1,3.6,96.1,0.308,0.349,0.564,0.525,14.9,26.4,0.232,0.502,13.5,75.2,0.196,Toyota Center,683564.0,16672.0
111,HOU,2014,200.68,NBA,Houston Rockets,True,25.4,54.0,28.0,53.0,29.0,4.56,0.5,5.06,111.0,106.3,4.7,96.3,0.386,0.33,0.571,0.531,14.6,27.4,0.275,0.489,12.5,74.1,0.193,Toyota Center,743082.0,18124.0
112,HOU,2015,201.84533333333331,NBA,Houston Rockets,True,27.6,56.0,26.0,50.0,32.0,3.44,0.38,3.82,107.0,103.4,3.6,96.5,0.312,0.392,0.548,0.512,15.0,26.8,0.223,0.486,14.6,72.9,0.208,Toyota Center,747412.0,18230.0
113,HOU,2016,199.64399999999998,NBA,Houston Rockets,True,27.8,41.0,41.0,42.0,40.0,0.2,0.14,0.34,108.3,108.1,0.2,97.6,0.352,0.37,0.553,0.516,14.2,25.7,0.244,0.516,14.7,72.8,0.219,Toyota Center,737244.0,17982.0
114,HOU,2017,199.85789473684213,NBA,Houston Rockets,True,27.4,55.0,27.0,55.0,27.0,5.77,0.08,5.84,114.7,109.0,5.7,100.0,0.304,0.462,0.583,0.545,13.3,24.6,0.233,0.519,13.2,75.8,0.194,Toyota Center,695903.0,16973.0
115,HOU,2018,199.898,NBA,Houston Rockets,True,29.8,65.0,17.0,61.0,21.0,8.48,-0.27,8.21,114.7,106.1,8.6,97.6,0.298,0.502,0.59,0.551,12.7,21.3,0.233,0.521,13.4,79.9,0.171,Toyota Center,732722.0,17871.0
116,HOU,2019,197.866,NBA,Houston Rockets,True,29.2,53.0,29.0,53.0,29.0,4.77,0.19,4.96,115.5,110.7,4.8,97.9,0.279,0.519,0.581,0.542,12.0,22.8,0.221,0.525,13.4,74.4,0.21,Toyota Center,740392.0,18058.0
117,HOU,2020,197.88909090909092,NBA,Houston Rockets,True,29.2,44.0,28.0,42.0,30.0,2.96,0.17,3.13,112.9,110.1,2.8,103.7,0.288,0.501,0.578,0.537,12.6,21.0,0.228,0.529,13.7,75.6,0.197,Toyota Center,578458.0,18077.0
118,HOU,2021,196.5325,NBA,Houston Rockets,False,26.5,17.0,55.0,20.0,52.0,-7.9,0.4,-7.5,107.1,114.9,-7.8,101.4,0.252,0.459,0.553,0.521,13.0,19.8,0.187,0.555,12.9,77.1,0.201,Toyota Center,117009.0,3250.0
119,HOU,2022,200.49066666666667,NBA,Houston Rockets,False,24.1,20.0,62.0,21.0,61.0,-8.48,0.22,-8.26,108.4,116.7,-8.3,100.9,0.284,0.448,0.565,0.534,14.5,21.7,0.202,0.554,12.3,74.4,0.206,Toyota Center,638977.0,15585.0
120,IND,2012,201.45375,NBA,Indiana Pacers,True,26.3,42.0,24.0,41.0,25.0,3.3,-0.71,2.6,106.7,103.1,3.6,90.7,0.321,0.198,0.526,0.474,13.1,29.2,0.251,0.476,14.1,72.3,0.222,Bankers Life Fieldhouse,467561.0,14169.0
121,IND,2013,202.35333333333335,NBA,Indiana Pacers,True,25.7,49.0,32.0,52.0,29.0,4.02,-0.69,3.34,104.3,99.8,4.5,90.2,0.293,0.245,0.521,0.479,14.3,30.3,0.219,0.453,12.9,74.6,0.197,Bankers Life Fieldhouse,626069.0,15270.0
122,IND,2014,202.52266666666668,NBA,Indiana Pacers,True,27.2,56.0,26.0,54.0,28.0,4.4,-0.77,3.63,104.1,99.3,4.8,92.5,0.29,0.235,0.535,0.49,14.3,24.9,0.226,0.46,12.9,76.8,0.197,Bankers Life Fieldhouse,717542.0,17501.0
123,IND,2015,200.15200000000002,NBA,Indiana Pacers,False,28.3,38.0,44.0,42.0,40.0,0.28,-0.51,-0.23,103.5,103.2,0.3,93.2,0.266,0.255,0.523,0.484,13.1,24.0,0.201,0.478,12.0,77.9,0.217,Bankers Life Fieldhouse,691434.0,16864.0
124,IND,2016,199.23125,NBA,Indiana Pacers,True,26.9,45.0,37.0,46.0,36.0,1.71,-0.09,1.62,104.6,102.9,1.7,96.6,0.268,0.27,0.536,0.497,13.5,23.4,0.205,0.489,14.3,76.0,0.205,Bankers Life Fieldhouse,690733.0,16847.0
125,IND,2017,200.52631578947367,NBA,Indiana Pacers,True,27.0,42.0,40.0,40.0,42.0,-0.22,-0.42,-0.64,108.6,108.8,-0.2,95.9,0.261,0.272,0.558,0.516,12.8,21.2,0.212,0.512,13.6,75.5,0.225,Bankers Life Fieldhouse,684578.0,16697.0
126,IND,2018,200.06235294117647,NBA,Indiana Pacers,True,26.2,48.0,34.0,45.0,37.0,1.38,-0.2,1.18,109.5,108.1,1.4,96.0,0.222,0.284,0.557,0.525,12.3,22.7,0.173,0.527,14.2,76.2,0.174,Bankers Life Fieldhouse,658119.0,16052.0
127,IND,2019,198.71764705882353,NBA,Indiana Pacers,True,27.0,48.0,34.0,50.0,32.0,3.33,-0.57,2.76,109.9,106.5,3.4,98.1,0.242,0.292,0.561,0.53,12.4,21.9,0.182,0.516,14.1,76.2,0.184,Bankers Life Fieldhouse,689310.0,16812.0
128,IND,2020,198.78842105263158,NBA,Indiana Pacers,True,25.6,45.0,28.0,41.0,32.0,1.96,-0.33,1.63,110.0,108.0,2.0,98.9,0.216,0.317,0.565,0.534,12.0,20.0,0.17,0.511,13.0,76.7,0.192,Bankers Life Fieldhouse,529002.0,16531.0
129,IND,2021,196.08800000000002,NBA,Indiana Pacers,False,26.5,34.0,38.0,36.0,36.0,-0.04,-0.08,-0.13,112.4,112.4,0.0,101.6,0.227,0.372,0.575,0.542,11.9,20.2,0.18,0.531,12.7,74.9,0.201,Bankers Life Fieldhouse,,
130,IND,2022,198.12,NBA,Indiana Pacers,False,26.0,25.0,57.0,32.0,50.0,-3.48,0.22,-3.26,112.6,116.1,-3.5,98.0,0.239,0.395,0.564,0.531,12.7,25.5,0.184,0.552,11.9,76.2,0.204,Gainbridge Fieldhouse,588743.0,14360.0
131,LAC,2012,199.136,NBA,Los Angeles Clippers,True,27.3,40.0,26.0,39.0,27.0,2.56,0.26,2.82,108.5,105.7,2.8,89.2,0.287,0.269,0.533,0.502,12.7,29.5,0.195,0.492,14.2,73.2,0.245,STAPLES Center,634237.0,19219.0
132,LAC,2013,199.67222222222222,NBA,Los Angeles Clippers,True,28.8,56.0,26.0,59.0,23.0,6.45,-0.02,6.43,110.6,103.6,7.0,91.1,0.286,0.265,0.557,0.526,13.9,28.8,0.203,0.492,15.4,73.5,0.229,STAPLES Center,788293.0,19227.0
133,LAC,2014,199.39,NBA,Los Angeles Clippers,True,28.1,57.0,25.0,59.0,23.0,6.98,0.3,7.27,112.1,104.8,7.3,95.9,0.353,0.291,0.567,0.526,12.7,25.0,0.258,0.484,13.8,72.5,0.222,STAPLES Center,787692.0,19212.0
134,LAC,2015,199.54875,NBA,Los Angeles Clippers,True,28.8,56.0,26.0,58.0,24.0,6.59,0.22,6.8,112.4,105.5,6.9,94.7,0.303,0.322,0.565,0.533,11.6,22.8,0.215,0.493,13.2,75.7,0.231,STAPLES Center,785892.0,19168.0
135,LAC,2016,200.152,NBA,Los Angeles Clippers,True,29.7,53.0,29.0,53.0,29.0,4.28,-0.15,4.13,108.3,103.8,4.5,95.8,0.318,0.324,0.556,0.524,12.1,20.1,0.22,0.48,13.8,73.8,0.222,STAPLES Center,786910.0,19193.0
136,LAC,2017,199.59052631578948,NBA,Los Angeles Clippers,True,30.0,51.0,31.0,52.0,30.0,4.29,0.13,4.42,112.7,108.2,4.5,96.1,0.312,0.329,0.574,0.537,12.0,21.5,0.233,0.506,12.1,76.9,0.211,STAPLES Center,782609.0,19088.0
137,LAC,2018,200.39263157894737,NBA,Los Angeles Clippers,False,27.0,42.0,40.0,41.0,41.0,0.04,0.11,0.15,110.3,110.2,0.1,98.7,0.299,0.314,0.564,0.527,13.2,23.5,0.222,0.52,12.6,76.1,0.203,STAPLES Center,697812.0,17020.0
138,LAC,2019,199.46470588235294,NBA,Los Angeles Clippers,True,27.2,48.0,34.0,43.0,39.0,0.85,0.23,1.09,112.4,111.5,0.9,101.7,0.326,0.295,0.575,0.529,12.7,22.0,0.258,0.514,11.4,76.0,0.224,STAPLES Center,710327.0,17325.0
139,LAC,2020,198.82555555555555,NBA,Los Angeles Clippers,True,27.4,49.0,23.0,50.0,22.0,6.44,0.21,6.66,113.9,107.6,6.3,101.5,0.295,0.375,0.577,0.535,12.6,23.5,0.233,0.506,12.2,77.6,0.206,STAPLES Center,610176.0,19068.0
140,LAC,2021,199.39000000000001,NBA,Los Angeles Clippers,True,28.8,47.0,25.0,49.0,23.0,6.18,-0.16,6.02,117.6,111.2,6.4,96.9,0.222,0.4,0.599,0.564,12.2,22.7,0.186,0.531,11.9,79.1,0.186,STAPLES Center,13901.0,386.0
141,LAC,2022,198.12,NBA,Los Angeles Clippers,False,27.5,42.0,40.0,41.0,41.0,0.02,0.06,0.09,110.1,110.1,0.0,98.0,0.224,0.391,0.564,0.531,12.5,20.6,0.178,0.514,12.0,74.4,0.167,Crypto.com Arena,694005.0,16927.0
142,LAL,2012,199.7075,NBA,Los Angeles Lakers,True,29.7,41.0,25.0,36.0,30.0,1.42,0.54,1.96,106.0,104.4,1.6,90.5,0.299,0.209,0.534,0.491,14.2,29.1,0.226,0.476,10.7,74.8,0.158,STAPLES Center,626901.0,18997.0
143,LAL,2013,200.94222222222223,NBA,Los Angeles Lakers,True,30.7,45.0,37.0,44.0,38.0,1.16,0.32,1.48,107.8,106.6,1.2,94.4,0.345,0.303,0.548,0.512,13.9,27.0,0.239,0.496,11.9,74.3,0.163,STAPLES Center,778877.0,18997.0
144,LAL,2014,200.3777777777778,NBA,Los Angeles Lakers,False,26.8,27.0,55.0,25.0,57.0,-6.29,0.96,-5.33,104.2,110.6,-6.4,98.7,0.263,0.291,0.542,0.505,13.7,20.2,0.199,0.513,12.4,71.0,0.192,STAPLES Center,771974.0,18829.0
145,LAL,2015,202.01466666666667,NBA,Los Angeles Lakers,False,27.0,21.0,61.0,23.0,59.0,-6.84,0.67,-6.17,103.4,110.6,-7.2,94.0,0.276,0.22,0.513,0.473,12.1,25.4,0.204,0.518,12.1,76.3,0.231,STAPLES Center,768244.0,18738.0
146,LAL,2016,202.565,NBA,Los Angeles Lakers,False,26.5,17.0,65.0,17.0,65.0,-9.56,0.64,-8.92,101.6,111.6,-10.0,95.6,0.292,0.29,0.509,0.46,12.5,23.1,0.228,0.523,11.6,74.7,0.202,STAPLES Center,778877.0,18997.0
147,LAL,2017,201.168,NBA,Los Angeles Lakers,False,25.1,26.0,56.0,24.0,58.0,-6.88,0.58,-6.29,106.0,113.0,-7.0,98.5,0.259,0.295,0.537,0.501,13.5,25.0,0.195,0.542,13.0,75.8,0.213,STAPLES Center,776917.0,18949.0
148,LAL,2018,201.041,NBA,Los Angeles Lakers,False,23.7,35.0,47.0,37.0,45.0,-1.55,0.11,-1.44,106.5,108.0,-1.5,100.3,0.264,0.329,0.548,0.517,13.8,23.6,0.188,0.514,12.5,77.7,0.19,STAPLES Center,776327.0,18935.0
149,LAL,2019,199.10777777777778,NBA,Los Angeles Lakers,False,26.2,37.0,45.0,37.0,45.0,-1.72,0.39,-1.33,107.8,109.5,-1.7,103.2,0.257,0.342,0.554,0.527,13.4,22.2,0.18,0.516,12.2,76.4,0.192,STAPLES Center,778877.0,18997.0
150,LAL,2020,200.66,NBA,Los Angeles Lakers,True,29.5,52.0,19.0,48.0,23.0,5.79,0.49,6.28,112.0,106.3,5.7,100.9,0.276,0.358,0.573,0.542,13.3,24.5,0.201,0.515,14.1,78.8,0.205,STAPLES Center,588907.0,18997.0
151,LAL,2021,197.03142857142856,NBA,Los Angeles Lakers,True,28.2,42.0,30.0,42.0,30.0,2.79,-0.03,2.77,109.9,107.1,2.8,98.7,0.271,0.363,0.569,0.536,13.6,22.5,0.2,0.526,13.7,79.7,0.184,STAPLES Center,23313.0,648.0
152,LAL,2022,198.4022222222222,NBA,Los Angeles Lakers,False,30.2,33.0,49.0,33.0,49.0,-3.05,-0.03,-3.08,110.3,113.3,-3.0,100.1,0.259,0.388,0.567,0.537,12.8,21.1,0.19,0.54,12.2,75.8,0.192,Crypto.com Arena,764631.0,18650.0
153,MEM,2012,200.81875,NBA,Memphis Grizzlies,True,25.6,41.0,25.0,38.0,28.0,2.02,0.42,2.43,104.0,101.8,2.2,90.8,0.277,0.157,0.515,0.473,13.6,29.8,0.211,0.485,16.3,72.7,0.227,FedEx Forum,518446.0,15710.0
154,MEM,2013,200.9775,NBA,Memphis Grizzlies,True,27.0,56.0,26.0,54.0,28.0,4.15,0.18,4.32,104.9,100.3,4.6,88.4,0.261,0.166,0.514,0.472,13.3,31.0,0.202,0.475,15.2,74.3,0.209,FedEx Forum,681613.0,16625.0
155,MEM,2014,199.27222222222224,NBA,Memphis Grizzlies,True,28.5,50.0,32.0,46.0,36.0,1.57,0.61,2.18,106.3,104.6,1.7,89.9,0.248,0.171,0.529,0.494,13.1,28.3,0.184,0.497,13.8,75.7,0.199,FedEx Forum,685458.0,16718.0
156,MEM,2015,199.20857142857145,NBA,Memphis Grizzlies,True,29.6,55.0,27.0,50.0,32.0,3.24,0.38,3.62,105.7,102.2,3.5,92.0,0.276,0.184,0.531,0.489,12.6,24.7,0.214,0.492,14.5,75.3,0.183,FedEx Forum,710502.0,17329.0
157,MEM,2016,200.3425,NBA,Memphis Grizzlies,True,30.5,42.0,40.0,35.0,47.0,-2.24,0.11,-2.14,105.4,107.8,-2.4,93.3,0.295,0.222,0.524,0.477,12.3,25.3,0.231,0.518,15.2,75.1,0.251,FedEx Forum,701894.0,17119.0
158,MEM,2017,199.81333333333333,NBA,Memphis Grizzlies,True,29.5,43.0,39.0,42.0,40.0,0.49,0.47,0.96,107.7,107.1,0.6,92.3,0.28,0.316,0.535,0.491,12.1,24.8,0.219,0.506,13.6,77.5,0.256,FedEx Forum,677314.0,16520.0
159,MEM,2018,201.00636363636366,NBA,Memphis Grizzlies,False,26.0,22.0,60.0,25.0,57.0,-6.21,0.39,-5.81,104.5,111.0,-6.5,94.9,0.255,0.317,0.539,0.5,14.0,22.4,0.201,0.529,13.8,76.5,0.256,FedEx Forum,653863.0,15948.0
160,MEM,2019,199.1658823529412,NBA,Memphis Grizzlies,False,27.7,33.0,49.0,34.0,48.0,-2.6,0.51,-2.08,106.1,108.8,-2.7,96.6,0.272,0.342,0.548,0.508,12.9,20.0,0.21,0.521,13.9,77.6,0.232,FedEx Forum,638332.0,15569.0
161,MEM,2020,198.56823529411764,NBA,Memphis Grizzlies,False,24.1,34.0,39.0,34.0,39.0,-1.07,0.16,-0.91,109.2,110.3,-1.1,102.8,0.24,0.346,0.561,0.528,13.2,23.0,0.183,0.521,12.7,77.8,0.217,FedEx Forum,523297.0,15857.0
162,MEM,2021,199.04363636363635,NBA,Memphis Grizzlies,True,24.2,38.0,34.0,38.0,34.0,1.03,0.04,1.07,112.0,111.0,1.0,100.4,0.232,0.342,0.56,0.528,11.6,24.2,0.179,0.535,13.1,78.3,0.196,FedEx Forum,61449.0,1707.0
163,MEM,2022,196.85000000000002,NBA,Memphis Grizzlies,True,24.0,56.0,26.0,55.0,27.0,5.68,-0.32,5.37,114.6,109.0,5.6,100.3,0.245,0.346,0.553,0.522,11.2,30.0,0.18,0.523,13.3,77.8,0.195,FedEx Forum,646785.0,15775.0
164,MIA,2012,202.08875,NBA,Miami Heat,True,28.3,46.0,20.0,47.0,19.0,5.98,-0.27,5.72,106.6,100.2,6.4,91.2,0.307,0.198,0.549,0.505,14.5,26.6,0.238,0.479,15.8,73.9,0.2,AmericanAirlines Arena,657855.0,19935.0
165,MIA,2013,201.25764705882352,NBA,Miami Heat,True,30.3,66.0,16.0,62.0,20.0,7.87,-0.84,7.03,112.3,103.7,8.6,90.7,0.297,0.285,0.588,0.552,13.7,22.2,0.224,0.487,14.8,73.0,0.2,AmericanAirlines Arena,819290.0,19983.0
166,MIA,2014,199.1658823529412,NBA,Miami Heat,True,30.6,54.0,28.0,54.0,28.0,4.76,-0.61,4.15,110.9,105.8,5.1,91.2,0.3,0.292,0.59,0.554,14.6,20.6,0.228,0.511,15.8,73.0,0.212,AmericanAirlines Arena,811036.0,19781.0
167,MIA,2015,200.15200000000002,NBA,Miami Heat,False,28.5,37.0,45.0,33.0,49.0,-2.6,-0.32,-2.92,103.9,106.7,-2.8,90.9,0.306,0.262,0.54,0.5,14.5,23.2,0.227,0.505,14.2,73.4,0.213,AmericanAirlines Arena,808223.0,19713.0
168,MIA,2016,200.84142857142857,NBA,Miami Heat,True,28.4,48.0,34.0,46.0,36.0,1.65,-0.14,1.5,106.1,104.4,1.7,93.6,0.282,0.221,0.545,0.508,13.3,23.8,0.21,0.485,12.1,77.8,0.196,AmericanAirlines Arena,809350.0,19740.0
169,MIA,2017,199.39,NBA,Miami Heat,False,26.5,41.0,41.0,44.0,38.0,1.06,-0.29,0.77,107.8,106.7,1.1,95.2,0.251,0.314,0.541,0.512,12.4,24.2,0.177,0.496,12.6,76.4,0.22,AmericanAirlines Arena,805400.0,19644.0
170,MIA,2018,202.52266666666668,NBA,Miami Heat,True,26.5,44.0,38.0,42.0,40.0,0.48,-0.33,0.15,106.8,106.3,0.5,95.6,0.229,0.358,0.551,0.52,13.3,21.5,0.173,0.507,13.1,79.0,0.215,AmericanAirlines Arena,804850.0,19630.0
171,MIA,2019,199.67222222222222,NBA,Miami Heat,False,27.0,39.0,43.0,40.0,42.0,-0.23,-0.22,-0.45,107.3,107.6,-0.3,98.2,0.247,0.368,0.542,0.515,13.1,24.8,0.172,0.51,12.7,77.6,0.201,AmericanAirlines Arena,805264.0,19641.0
172,MIA,2020,200.36117647058822,NBA,Miami Heat,True,25.9,44.0,29.0,43.0,30.0,2.95,-0.35,2.59,112.5,109.5,3.0,98.3,0.299,0.419,0.587,0.547,13.5,20.3,0.234,0.523,12.6,79.5,0.213,AmericanAirlines Arena,629771.0,19680.0
173,MIA,2021,197.75714285714284,NBA,Miami Heat,True,27.4,40.0,32.0,36.0,36.0,0.03,-0.09,-0.06,111.2,111.2,0.0,96.6,0.252,0.432,0.581,0.546,13.1,19.4,0.199,0.542,13.8,77.9,0.183,AmericanAirlines Arena,,
174,MIA,2022,199.46470588235294,NBA,Miami Heat,True,28.2,53.0,29.0,53.0,29.0,4.45,-0.22,4.23,113.7,109.1,4.6,95.9,0.252,0.422,0.584,0.547,13.4,23.5,0.204,0.524,13.8,78.0,0.209,FTX Arena,804761.0,19628.0
175,MIL,2012,202.692,NBA,Milwaukee Bucks,False,26.2,31.0,35.0,34.0,32.0,0.27,-0.5,-0.23,105.5,105.2,0.3,93.7,0.25,0.224,0.521,0.481,12.9,27.7,0.194,0.489,14.6,70.9,0.217,Bradley Center,485717.0,14719.0
176,MIL,2013,202.4275,NBA,Milwaukee Bucks,True,26.4,38.0,44.0,37.0,45.0,-1.5,-0.33,-1.83,103.6,105.2,-1.6,94.7,0.236,0.232,0.51,0.476,12.7,27.9,0.174,0.492,14.4,71.3,0.201,BMO Harris Bradley Center,616469.0,15036.0
177,MIL,2014,201.64777777777778,NBA,Milwaukee Bucks,False,24.7,15.0,67.0,20.0,62.0,-8.18,-0.23,-8.41,103.0,111.8,-8.8,91.8,0.274,0.231,0.519,0.479,14.1,27.1,0.204,0.52,13.2,71.4,0.225,BMO Harris Bradley Center,552067.0,13465.0
178,MIL,2015,202.72375,NBA,Milwaukee Bucks,True,24.6,41.0,41.0,42.0,40.0,0.43,-0.52,-0.09,102.7,102.2,0.5,94.1,0.258,0.223,0.536,0.499,15.5,25.4,0.195,0.487,15.9,73.3,0.221,BMO Harris Bradley Center,593910.0,14813.0
179,MIL,2016,203.79764705882351,NBA,Milwaukee Bucks,False,23.5,33.0,49.0,29.0,53.0,-4.18,0.2,-3.98,104.3,108.7,-4.4,94.2,0.276,0.189,0.537,0.499,14.2,24.9,0.207,0.51,14.2,73.1,0.221,BMO Harris Bradley Center,621808.0,15166.0
180,MIL,2017,201.06105263157895,NBA,Milwaukee Bucks,True,25.6,42.0,40.0,40.0,42.0,-0.18,-0.26,-0.45,109.1,109.3,-0.2,94.5,0.274,0.29,0.565,0.527,13.2,21.5,0.21,0.518,13.6,75.4,0.215,BMO Harris Bradley Center,648952.0,15828.0
181,MIL,2018,199.10777777777778,NBA,Milwaukee Bucks,True,25.9,44.0,38.0,40.0,42.0,-0.3,-0.15,-0.45,109.8,110.1,-0.3,96.2,0.281,0.297,0.571,0.531,12.9,20.4,0.22,0.528,14.2,75.9,0.22,BMO Harris Bradley Center,685303.0,16856.0
182,MIL,2019,199.23125,NBA,Milwaukee Bucks,True,26.9,60.0,22.0,61.0,21.0,8.87,-0.82,8.04,113.8,105.2,8.6,103.3,0.255,0.419,0.583,0.55,12.0,20.8,0.197,0.503,11.5,80.3,0.162,Fiserv Forum,721692.0,17602.0
183,MIL,2020,198.65473684210528,NBA,Milwaukee Bucks,True,29.2,56.0,17.0,57.0,16.0,10.08,-0.67,9.41,112.4,102.9,9.5,105.1,0.271,0.428,0.583,0.552,12.9,20.7,0.201,0.489,12.0,81.6,0.178,Fiserv Forum,549036.0,17711.0
184,MIL,2021,198.11999999999998,NBA,Milwaukee Bucks,True,28.1,46.0,26.0,48.0,24.0,5.89,-0.32,5.57,117.2,111.4,5.8,102.2,0.233,0.404,0.593,0.566,12.0,23.3,0.177,0.536,11.5,79.7,0.157,Fiserv Forum,64780.0,1799.0
185,MIL,2022,200.5188888888889,NBA,Milwaukee Bucks,True,28.5,51.0,31.0,49.0,33.0,3.35,-0.14,3.22,115.1,111.8,3.3,99.9,0.257,0.43,0.58,0.546,11.9,23.0,0.199,0.536,11.6,78.6,0.165,Fiserv Forum,715581.0,17453.0
186,MIN,2012,199.81333333333333,NBA,Minnesota Timberwolves,False,24.4,26.0,40.0,28.0,38.0,-2.2,0.37,-1.83,104.3,106.6,-2.3,93.3,0.306,0.262,0.524,0.477,14.0,27.5,0.236,0.491,12.2,73.0,0.187,Target Center,577197.0,17491.0
187,MIN,2013,200.66,NBA,Minnesota Timberwolves,False,26.4,31.0,51.0,34.0,48.0,-2.37,0.54,-1.83,102.9,105.4,-2.5,92.8,0.305,0.22,0.516,0.473,13.8,27.4,0.226,0.511,15.0,74.0,0.187,Target Center,669956.0,16340.0
188,MIN,2014,203.33368421052631,NBA,Minnesota Timberwolves,False,26.3,40.0,42.0,48.0,34.0,2.67,0.43,3.1,108.9,106.2,2.7,97.3,0.321,0.245,0.535,0.486,12.2,27.4,0.249,0.518,14.8,74.4,0.177,Target Center,597157.0,14565.0
189,MIN,2015,204.28857142857143,NBA,Minnesota Timberwolves,False,24.4,16.0,66.0,19.0,63.0,-8.79,0.79,-8.0,102.9,112.2,-9.3,94.4,0.309,0.179,0.517,0.468,13.7,26.6,0.24,0.537,13.9,71.6,0.187,Target Center,595652.0,14416.0
190,MIN,2016,200.99866666666668,NBA,Minnesota Timberwolves,False,24.6,29.0,53.0,31.0,51.0,-3.54,0.15,-3.38,106.5,110.1,-3.6,95.2,0.332,0.202,0.549,0.498,13.9,24.3,0.263,0.524,13.6,74.7,0.2,Target Center,581178.0,14175.0
191,MIN,2017,200.66,NBA,Minnesota Timberwolves,False,24.0,31.0,51.0,38.0,44.0,-1.11,0.47,-0.64,110.8,112.0,-1.2,94.6,0.287,0.249,0.555,0.511,12.9,27.2,0.229,0.535,13.2,75.9,0.212,Target Center,607203.0,14810.0
192,MIN,2018,199.95444444444445,NBA,Minnesota Timberwolves,True,27.1,47.0,35.0,47.0,35.0,2.23,0.12,2.35,113.4,111.1,2.3,96.0,0.28,0.261,0.566,0.523,11.4,24.4,0.225,0.539,13.9,76.4,0.189,Target Center,699308.0,17056.0
193,MIN,2019,198.12,NBA,Minnesota Timberwolves,False,26.2,36.0,46.0,37.0,45.0,-1.5,0.48,-1.02,111.4,112.9,-1.5,100.2,0.267,0.315,0.552,0.511,11.4,24.6,0.21,0.538,12.9,74.9,0.19,Target Center,627543.0,15306.0
194,MIN,2020,197.96125,NBA,Minnesota Timberwolves,False,24.8,19.0,45.0,24.0,40.0,-4.3,0.28,-4.02,108.1,112.2,-4.1,103.4,0.277,0.433,0.551,0.514,13.0,22.1,0.209,0.541,13.2,77.2,0.218,Target Center,482112.0,15066.0
195,MIN,2021,197.3729411764706,NBA,Minnesota Timberwolves,False,23.2,23.0,49.0,24.0,48.0,-5.56,0.31,-5.25,109.5,115.0,-5.5,101.6,0.254,0.413,0.555,0.52,12.4,22.7,0.193,0.556,13.3,76.8,0.207,Target Center,15774.0,438.0
196,MIN,2022,199.10777777777778,NBA,Minnesota Timberwolves,True,24.2,46.0,36.0,48.0,34.0,2.63,-0.1,2.53,114.3,111.7,2.6,100.9,0.254,0.454,0.573,0.539,12.4,24.4,0.198,0.535,14.2,74.9,0.227,Target Center,657148.0,16028.0
197,NOH,2012,200.80941176470589,NBA,New Orleans Hornets,False,25.5,21.0,45.0,24.0,42.0,-3.76,0.65,-3.11,100.9,105.1,-4.2,88.3,0.274,0.152,0.517,0.476,15.2,27.5,0.207,0.485,13.5,73.1,0.218,New Orleans Arena,498618.0,15110.0
198,NOP,2014,201.29500000000002,NBA,New Orleans Pelicans,False,24.3,34.0,48.0,33.0,49.0,-2.71,0.73,-1.98,107.2,110.1,-2.9,92.2,0.286,0.193,0.537,0.495,12.9,26.9,0.22,0.515,13.6,73.8,0.249,Smoothie King Center,672029.0,16391.0
199,NOP,2015,198.9221052631579,NBA,New Orleans Pelicans,True,25.3,45.0,37.0,43.0,39.0,0.79,0.34,1.13,108.2,107.3,0.9,91.4,0.263,0.233,0.537,0.501,12.5,27.1,0.198,0.496,11.7,75.1,0.195,Smoothie King Center,683757.0,16677.0
200,NOP,2016,201.5764705882353,NBA,New Orleans Pelicans,False,26.6,30.0,52.0,31.0,51.0,-3.79,0.24,-3.56,105.6,109.5,-3.9,96.8,0.259,0.277,0.537,0.498,12.3,21.2,0.201,0.523,12.7,78.8,0.225,Smoothie King Center,688549.0,16794.0
201,NOP,2017,198.54333333333335,NBA,New Orleans Pelicans,False,25.7,34.0,48.0,35.0,47.0,-2.1,0.41,-1.69,105.2,107.4,-2.2,98.0,0.256,0.308,0.539,0.504,11.7,18.5,0.192,0.509,12.4,76.8,0.177,Smoothie King Center,663099.0,16173.0
202,NOP,2018,200.5105882352941,NBA,New Orleans Pelicans,True,27.6,48.0,34.0,44.0,38.0,1.3,0.18,1.48,109.6,108.3,1.3,100.5,0.237,0.319,0.573,0.541,13.3,20.0,0.183,0.513,12.5,76.7,0.175,Smoothie King Center,673920.0,16437.0
203,NOP,2019,197.07411764705884,NBA,New Orleans Pelicans,False,25.7,33.0,49.0,38.0,44.0,-1.33,0.23,-1.1,111.4,112.6,-1.2,103.3,0.254,0.324,0.563,0.529,12.6,24.1,0.193,0.532,11.6,76.8,0.193,Smoothie King Center,656183.0,16004.0
204,NOP,2020,199.10777777777778,NBA,New Orleans Pelicans,False,25.4,30.0,42.0,33.0,39.0,-1.29,0.74,-0.55,110.7,111.9,-1.2,103.7,0.256,0.403,0.568,0.539,13.9,24.2,0.186,0.532,12.4,77.8,0.212,Smoothie King Center,528172.0,16505.0
205,NOP,2021,197.41444444444446,NBA,New Orleans Pelicans,False,24.8,31.0,41.0,35.0,37.0,-0.29,0.1,-0.2,113.5,113.8,-0.3,100.1,0.293,0.342,0.57,0.537,12.7,26.3,0.214,0.55,11.9,80.0,0.186,Smoothie King Center,93120.0,2587.0
206,NOP,2022,199.7075,NBA,New Orleans Pelicans,True,25.6,36.0,46.0,38.0,44.0,-0.99,0.15,-0.84,112.0,113.0,-1.0,97.2,0.264,0.365,0.557,0.517,12.5,26.9,0.208,0.547,13.0,78.2,0.196,Smoothie King Center,635941.0,15511.0
207,NYK,2012,203.2,NBA,New York Knicks,True,26.3,36.0,30.0,41.0,25.0,3.2,-0.81,2.39,104.4,101.0,3.4,93.2,0.306,0.288,0.533,0.492,14.9,26.6,0.227,0.485,15.9,73.7,0.224,Madison Square Garden (IV),652179.0,19763.0
208,NYK,2013,201.25764705882352,NBA,New York Knicks,True,30.2,54.0,28.0,53.0,29.0,4.23,-0.5,3.73,111.1,106.3,4.8,89.8,0.258,0.354,0.55,0.515,11.7,25.6,0.196,0.508,14.8,74.7,0.216,Madison Square Garden (IV),780353.0,19033.0
209,NYK,2014,201.77125,NBA,New York Knicks,False,28.3,37.0,45.0,39.0,43.0,-0.79,-0.61,-1.4,108.3,109.1,-0.8,90.3,0.248,0.302,0.541,0.505,12.5,25.1,0.189,0.514,14.0,74.3,0.245,Madison Square Garden (IV),812292.0,19812.0
210,NYK,2015,202.2475,NBA,New York Knicks,False,26.9,17.0,65.0,17.0,65.0,-9.32,-0.18,-9.5,99.9,110.0,-10.1,91.2,0.234,0.24,0.508,0.47,14.0,24.5,0.18,0.512,13.3,73.1,0.234,Madison Square Garden (IV),812292.0,19812.0
211,NYK,2016,203.2,NBA,New York Knicks,False,27.2,32.0,50.0,33.0,49.0,-2.73,0.0,-2.74,104.6,107.6,-3.0,93.4,0.255,0.256,0.527,0.483,12.6,23.7,0.205,0.487,10.5,75.8,0.204,Madison Square Garden (IV),812292.0,19812.0
212,NYK,2017,201.59578947368422,NBA,New York Knicks,False,27.3,31.0,51.0,31.0,51.0,-3.67,-0.2,-3.87,107.7,111.5,-3.8,96.0,0.239,0.279,0.534,0.496,12.4,26.6,0.188,0.511,11.7,74.1,0.214,Madison Square Garden (IV),810741.0,19774.0
213,NYK,2018,202.15411764705883,NBA,New York Knicks,False,26.3,29.0,53.0,32.0,50.0,-3.56,0.03,-3.53,107.1,110.7,-3.6,96.8,0.216,0.266,0.544,0.51,13.3,24.1,0.17,0.522,12.2,76.7,0.208,Madison Square Garden (IV),792608.0,19332.0
214,NYK,2019,196.5677777777778,NBA,New York Knicks,False,23.4,17.0,65.0,19.0,63.0,-9.21,0.28,-8.93,104.5,113.7,-9.2,99.6,0.27,0.334,0.529,0.49,12.4,22.1,0.205,0.533,11.7,76.1,0.203,Madison Square Garden (IV),779087.0,19002.0
215,NYK,2020,198.59625,NBA,New York Knicks,False,24.5,21.0,45.0,20.0,46.0,-6.45,-0.26,-6.72,106.5,113.0,-6.5,98.6,0.263,0.318,0.531,0.501,12.6,25.8,0.182,0.541,12.4,78.3,0.224,Madison Square Garden (IV),620789.0,18812.0
216,NYK,2021,197.5152380952381,NBA,New York Knicks,True,25.6,41.0,31.0,41.0,31.0,2.31,-0.18,2.13,110.6,108.2,2.4,95.9,0.242,0.347,0.559,0.524,11.9,21.9,0.19,0.509,11.7,78.6,0.196,Madison Square Garden (IV),42131.0,1170.0
217,NYK,2022,197.96125,NBA,New York Knicks,False,26.0,37.0,45.0,41.0,41.0,-0.12,0.11,-0.01,110.4,110.5,-0.1,95.9,0.28,0.428,0.55,0.513,12.0,25.1,0.208,0.521,11.7,78.8,0.198,Madison Square Garden (IV),763484.0,18622.0
218,OKC,2012,202.18400000000003,NBA,Oklahoma City Thunder,True,25.1,47.0,19.0,46.0,20.0,6.12,0.32,6.44,109.8,103.2,6.6,93.0,0.334,0.252,0.567,0.516,15.3,27.8,0.269,0.465,13.0,72.1,0.207,Chesapeake Energy Arena,600699.0,18203.0
219,OKC,2013,201.38444444444445,NBA,Oklahoma City Thunder,True,26.0,60.0,22.0,64.0,18.0,9.21,-0.06,9.15,112.4,102.6,9.8,93.3,0.338,0.244,0.58,0.527,14.4,26.7,0.28,0.469,13.5,73.4,0.197,Chesapeake Energy Arena,746323.0,18203.0
220,OKC,2014,201.13625,NBA,Oklahoma City Thunder,True,26.2,59.0,23.0,58.0,24.0,6.34,0.32,6.66,110.5,103.9,6.6,95.4,0.303,0.271,0.566,0.52,14.0,26.5,0.244,0.488,13.9,75.6,0.221,Chesapeake Energy Arena,746323.0,18203.0
221,OKC,2015,202.01466666666664,NBA,Oklahoma City Thunder,False,25.4,45.0,37.0,47.0,35.0,2.18,0.28,2.47,107.8,105.5,2.3,95.7,0.284,0.262,0.532,0.492,13.1,28.9,0.214,0.489,12.4,75.6,0.213,Chesapeake Energy Arena,746323.0,18203.0
222,OKC,2016,201.50666666666666,NBA,Oklahoma City Thunder,True,25.8,55.0,27.0,59.0,23.0,7.28,-0.19,7.09,113.1,105.6,7.5,96.7,0.292,0.275,0.565,0.524,14.0,31.1,0.228,0.484,11.7,76.0,0.205,Chesapeake Energy Arena,746323.0,18203.0
223,OKC,2017,201.22444444444443,NBA,Oklahoma City Thunder,True,24.7,47.0,35.0,43.0,39.0,0.76,0.39,1.14,108.3,107.5,0.8,97.8,0.295,0.295,0.54,0.5,13.2,27.9,0.22,0.511,12.5,79.0,0.218,Chesapeake Energy Arena,746323.0,18203.0
224,OKC,2018,199.61411764705883,NBA,Oklahoma City Thunder,True,27.3,48.0,34.0,50.0,32.0,3.41,0.0,3.42,110.7,107.2,3.5,96.7,0.275,0.345,0.546,0.514,12.4,27.7,0.197,0.525,14.7,77.4,0.193,Chesapeake Energy Arena,746322.0,18203.0
225,OKC,2019,199.0164705882353,NBA,Oklahoma City Thunder,True,25.7,49.0,33.0,50.0,32.0,3.4,0.15,3.56,110.3,107.0,3.3,102.8,0.266,0.347,0.545,0.514,11.7,26.0,0.19,0.523,14.4,78.2,0.206,Chesapeake Energy Arena,746323.0,18203.0
226,OKC,2020,199.10777777777778,NBA,Oklahoma City Thunder,True,25.5,44.0,28.0,41.0,31.0,1.99,0.34,2.33,110.8,108.8,2.0,98.8,0.29,0.353,0.573,0.53,12.4,19.3,0.231,0.518,12.6,76.8,0.173,Chesapeake Energy Arena,600699.0,18203.0
227,OKC,2021,199.78076923076924,NBA,Oklahoma City Thunder,False,22.8,22.0,50.0,15.0,57.0,-10.64,0.51,-10.13,103.5,114.0,-10.5,101.0,0.242,0.399,0.539,0.509,14.2,21.2,0.176,0.547,11.5,77.9,0.167,Chesapeake Energy Arena,,
228,OKC,2022,200.025,NBA,Oklahoma City Thunder,False,22.4,24.0,58.0,21.0,61.0,-8.1,0.2,-7.9,104.6,112.8,-8.2,98.5,0.223,0.419,0.53,0.497,12.5,21.8,0.169,0.533,11.8,76.1,0.169,Paycom Center,595112.0,14515.0
229,ORL,2012,200.8414285714286,NBA,Orlando Magic,True,27.5,37.0,29.0,35.0,31.0,0.79,-0.33,0.46,105.0,104.1,0.9,89.0,0.292,0.346,0.533,0.506,14.5,26.5,0.193,0.488,12.9,75.5,0.19,Amway Center,623587.0,18897.0
230,ORL,2013,200.47857142857143,NBA,Orlando Magic,False,24.6,20.0,62.0,22.0,60.0,-6.99,-0.14,-7.12,101.6,109.1,-7.5,92.2,0.197,0.223,0.514,0.485,13.7,25.4,0.149,0.508,11.8,74.6,0.195,Amway Center,722716.0,17627.0
231,ORL,2014,201.50666666666666,NBA,Orlando Magic,False,24.6,23.0,59.0,26.0,56.0,-5.44,-0.44,-5.88,101.7,107.4,-5.7,93.6,0.253,0.235,0.525,0.487,13.9,22.4,0.193,0.504,13.0,75.5,0.211,Amway Center,666046.0,16245.0
232,ORL,2015,199.47466666666665,NBA,Orlando Magic,False,24.3,25.0,57.0,25.0,57.0,-5.72,-0.15,-5.87,101.6,107.7,-6.1,93.8,0.23,0.235,0.524,0.494,14.0,23.1,0.168,0.514,13.6,76.0,0.21,Amway Center,688194.0,16785.0
233,ORL,2016,200.66,NBA,Orlando Magic,False,23.9,35.0,47.0,36.0,46.0,-1.62,-0.06,-1.68,105.1,106.8,-1.7,96.0,0.232,0.255,0.533,0.5,12.8,23.1,0.175,0.513,13.8,76.5,0.215,Amway Center,719275.0,17515.0
234,ORL,2017,201.25764705882352,NBA,Orlando Magic,False,25.3,29.0,53.0,24.0,58.0,-6.57,-0.04,-6.61,103.7,110.5,-6.8,96.8,0.246,0.3,0.524,0.489,12.1,21.6,0.184,0.523,11.9,77.4,0.201,Amway Center,727875.0,17753.0
235,ORL,2018,200.66000000000003,NBA,Orlando Magic,False,25.6,25.0,57.0,28.0,54.0,-4.82,-0.1,-4.92,105.2,110.1,-4.9,98.1,0.238,0.342,0.545,0.512,13.3,20.0,0.18,0.525,12.8,75.6,0.187,Amway Center,734531.0,17915.0
236,ORL,2019,199.7242105263158,NBA,Orlando Magic,True,25.7,42.0,40.0,43.0,39.0,0.71,-0.43,0.28,108.9,108.1,0.8,98.1,0.216,0.36,0.55,0.518,11.9,22.0,0.168,0.515,11.8,79.7,0.186,Amway Center,720024.0,17431.0
237,ORL,2020,196.50363636363636,NBA,Orlando Magic,True,26.1,33.0,40.0,34.0,39.0,-1.01,0.09,-0.93,108.5,109.5,-1.0,98.6,0.256,0.364,0.544,0.506,11.5,22.3,0.198,0.535,13.2,79.1,0.176,Amway Center,529870.0,17093.0
238,ORL,2021,200.05523809523808,NBA,Orlando Magic,False,25.6,21.0,51.0,17.0,55.0,-9.31,0.29,-9.02,105.1,114.5,-9.4,98.7,0.24,0.356,0.527,0.49,11.5,21.6,0.186,0.547,11.5,78.2,0.169,Amway Center,126463.0,3513.0
239,ORL,2022,202.15411764705883,NBA,Orlando Magic,False,23.3,22.0,60.0,21.0,61.0,-8.0,0.33,-7.67,104.5,112.5,-8.0,99.2,0.223,0.417,0.538,0.503,13.0,19.8,0.175,0.532,11.7,77.2,0.196,Amway Center,622881.0,15192.0
240,PHI,2012,200.66,NBA,Philadelphia 76ers,True,24.9,35.0,31.0,43.0,23.0,4.24,-0.65,3.59,103.9,99.2,4.7,89.7,0.217,0.175,0.511,0.48,10.9,24.4,0.161,0.46,13.5,75.2,0.192,Wells Fargo Center,577597.0,17503.0
241,PHI,2013,200.11888888888888,NBA,Philadelphia 76ers,False,25.2,34.0,48.0,31.0,51.0,-3.34,-0.17,-3.51,102.0,105.7,-3.7,91.0,0.2,0.209,0.509,0.481,12.5,24.9,0.146,0.495,13.7,73.4,0.2,Wells Fargo Center,685412.0,16717.0
242,PHI,2014,200.935,NBA,Philadelphia 76ers,False,23.4,19.0,63.0,16.0,66.0,-10.45,-0.21,-10.66,99.4,109.9,-10.5,99.2,0.268,0.258,0.51,0.475,14.8,24.8,0.19,0.524,14.9,72.4,0.244,Wells Fargo Center,568632.0,13869.0
243,PHI,2015,200.66,NBA,Philadelphia 76ers,False,23.2,18.0,64.0,18.0,64.0,-8.98,-0.07,-9.04,95.5,104.8,-9.3,95.7,0.288,0.319,0.494,0.459,16.0,25.5,0.195,0.497,15.2,73.0,0.225,Wells Fargo Center,571572.0,13941.0
244,PHI,2016,201.93,NBA,Philadelphia 76ers,False,23.3,10.0,72.0,16.0,66.0,-10.23,0.31,-9.92,98.8,109.2,-10.4,97.9,0.269,0.327,0.519,0.487,14.8,20.6,0.186,0.51,13.5,74.0,0.24,Wells Fargo Center,614650.0,14991.0
245,PHI,2017,199.45684210526315,NBA,Philadelphia 76ers,False,24.6,28.0,54.0,26.0,56.0,-5.7,-0.14,-5.83,103.2,108.9,-5.7,98.5,0.258,0.349,0.539,0.501,14.9,22.4,0.199,0.512,13.5,75.3,0.234,Wells Fargo Center,710557.0,17331.0
246,PHI,2018,202.66526315789474,NBA,Philadelphia 76ers,True,25.8,52.0,30.0,53.0,29.0,4.5,-0.2,4.3,109.5,105.0,4.5,99.8,0.263,0.344,0.568,0.535,14.6,25.3,0.198,0.492,12.6,78.6,0.218,Wells Fargo Center,833503.0,20361.0
247,PHI,2019,199.91294117647058,NBA,Philadelphia 76ers,True,26.4,51.0,31.0,48.0,34.0,2.7,-0.44,2.25,112.6,110.0,2.6,101.6,0.312,0.342,0.574,0.532,12.9,24.5,0.241,0.512,11.1,78.6,0.206,Wells Fargo Center,838342.0,20447.0
248,PHI,2020,199.20857142857145,NBA,Philadelphia 76ers,True,26.3,43.0,30.0,42.0,31.0,2.38,-0.13,2.25,111.3,109.0,2.3,99.0,0.255,0.36,0.566,0.534,12.7,23.9,0.193,0.523,12.5,80.3,0.214,Wells Fargo Center,639491.0,20629.0
249,PHI,2021,199.59052631578948,NBA,Philadelphia 76ers,True,27.1,49.0,23.0,48.0,24.0,5.58,-0.31,5.28,113.2,107.6,5.6,99.5,0.293,0.347,0.579,0.541,12.8,23.2,0.225,0.521,13.8,78.2,0.2,Wells Fargo Center,68583.0,1905.0
250,PHI,2022,198.96666666666667,NBA,Philadelphia 76ers,True,26.8,51.0,31.0,48.0,34.0,2.61,-0.04,2.57,113.5,110.8,2.7,96.2,0.282,0.376,0.578,0.534,11.6,20.1,0.232,0.524,12.1,76.8,0.192,Wells Fargo Center,846867.0,20655.0
251,PHX,2012,203.2,NBA,Phoenix Suns,False,28.9,33.0,33.0,32.0,34.0,-0.24,0.53,0.29,106.2,106.5,-0.3,92.6,0.257,0.238,0.536,0.499,13.3,25.8,0.194,0.491,13.1,71.7,0.2,US Airways Center,514718.0,15598.0
252,PHX,2013,200.82933333333332,NBA,Phoenix Suns,False,26.9,25.0,57.0,23.0,59.0,-6.46,0.71,-5.75,101.2,108.1,-6.9,93.4,0.234,0.21,0.512,0.477,14.3,27.0,0.174,0.512,14.2,71.9,0.208,US Airways Center,632913.0,15437.0
253,PHX,2014,200.80941176470589,NBA,Phoenix Suns,False,26.2,48.0,34.0,48.0,34.0,2.63,0.39,3.02,109.5,106.7,2.8,95.8,0.293,0.3,0.558,0.519,14.0,26.4,0.222,0.496,13.9,73.7,0.237,US Airways Center,650739.0,15872.0
254,PHX,2015,200.3425,NBA,Phoenix Suns,False,25.7,39.0,43.0,38.0,44.0,-0.9,0.52,-0.38,105.3,106.2,-0.9,96.3,0.251,0.291,0.537,0.501,13.7,24.5,0.191,0.497,14.0,73.5,0.221,US Airways Center,693862.0,16923.0
255,PHX,2016,199.31529411764706,NBA,Phoenix Suns,False,26.0,23.0,59.0,24.0,58.0,-6.66,0.34,-6.32,102.2,109.0,-6.8,98.5,0.271,0.302,0.526,0.487,15.2,25.4,0.204,0.523,13.5,77.1,0.237,Talking Stick Resort Arena,701405.0,17107.0
256,PHX,2017,199.81333333333333,NBA,Phoenix Suns,False,25.0,24.0,58.0,27.0,55.0,-5.63,0.49,-5.14,106.6,112.2,-5.6,100.3,0.297,0.255,0.538,0.493,13.4,26.0,0.231,0.525,13.1,76.4,0.264,Talking Stick Resort Arena,708639.0,17134.0
257,PHX,2018,200.36117647058822,NBA,Phoenix Suns,False,23.7,21.0,61.0,19.0,63.0,-9.37,0.57,-8.8,103.5,112.8,-9.3,100.3,0.275,0.32,0.532,0.495,13.9,22.5,0.203,0.533,11.9,76.5,0.212,Talking Stick Resort Arena,690576.0,16843.0
258,PHX,2019,199.61411764705883,NBA,Phoenix Suns,False,24.0,19.0,63.0,19.0,63.0,-9.34,0.73,-8.61,105.9,115.1,-9.2,100.5,0.259,0.335,0.552,0.514,13.8,20.5,0.202,0.545,13.5,72.5,0.236,Talking Stick Resort Arena,627023.0,15293.0
259,PHX,2020,197.00875,NBA,Phoenix Suns,False,24.6,34.0,39.0,37.0,36.0,0.22,0.35,0.56,111.7,111.4,0.3,101.3,0.271,0.361,0.576,0.532,13.0,22.2,0.226,0.539,13.7,78.8,0.221,Talking Stick Resort Arena,550633.0,15606.0
260,PHX,2021,198.23545454545456,NBA,Phoenix Suns,True,26.6,51.0,21.0,49.0,23.0,5.82,-0.15,5.67,117.2,111.3,5.9,97.2,0.212,0.392,0.597,0.564,11.5,20.8,0.177,0.534,12.4,78.5,0.194,Phoenix Suns Arena,104027.0,2890.0
261,PHX,2022,198.4375,NBA,Phoenix Suns,True,27.5,64.0,18.0,59.0,23.0,7.5,-0.56,6.94,114.8,107.3,7.5,99.8,0.221,0.354,0.581,0.549,11.6,22.3,0.176,0.51,13.0,77.1,0.195,Phoenix Suns Arena,663171.0,16175.0
262,POR,2012,200.99866666666668,NBA,Portland Trail Blazers,False,27.5,28.0,38.0,32.0,34.0,-0.62,0.41,-0.22,105.7,106.4,-0.7,91.2,0.263,0.255,0.531,0.488,13.4,26.3,0.209,0.504,14.1,72.8,0.199,Rose Garden Arena,676384.0,20496.0
263,POR,2013,201.168,NBA,Portland Trail Blazers,False,24.4,33.0,49.0,32.0,50.0,-3.17,0.65,-2.53,105.8,109.2,-3.4,91.4,0.25,0.284,0.536,0.498,13.9,25.3,0.194,0.512,12.5,73.3,0.189,Rose Garden Arena,813012.0,19830.0
264,POR,2014,201.45375,NBA,Portland Trail Blazers,True,25.8,54.0,28.0,52.0,30.0,3.99,0.45,4.44,111.5,107.4,4.1,94.9,0.27,0.29,0.548,0.504,12.4,28.0,0.22,0.488,11.0,74.7,0.194,Moda Center,809612.0,19747.0
265,POR,2015,200.50125,NBA,Portland Trail Blazers,True,27.0,51.0,31.0,53.0,29.0,4.23,0.18,4.41,108.2,103.7,4.5,94.2,0.225,0.316,0.544,0.508,12.6,24.2,0.18,0.476,11.3,76.2,0.182,Moda Center,798368.0,19472.0
266,POR,2016,201.3857142857143,NBA,Portland Trail Blazers,True,24.3,44.0,38.0,43.0,39.0,0.83,0.15,0.98,108.8,108.0,0.8,96.0,0.268,0.332,0.548,0.511,13.2,25.9,0.202,0.503,12.1,76.2,0.225,Moda Center,794085.0,19368.0
267,POR,2017,202.86133333333333,NBA,Portland Trail Blazers,True,24.8,41.0,41.0,40.0,42.0,-0.52,0.3,-0.23,110.3,110.8,-0.5,96.7,0.275,0.322,0.559,0.52,12.5,23.0,0.214,0.508,11.6,76.8,0.241,Moda Center,792029.0,19318.0
268,POR,2018,202.40625,NBA,Portland Trail Blazers,True,25.6,49.0,33.0,48.0,34.0,2.6,0.0,2.6,109.1,106.4,2.7,96.5,0.24,0.324,0.549,0.511,12.3,23.3,0.192,0.503,11.7,79.1,0.193,Moda Center,795750.0,19409.0
269,POR,2019,202.72375,NBA,Portland Trail Blazers,True,26.2,53.0,29.0,51.0,31.0,4.2,0.24,4.43,114.7,110.5,4.2,99.1,0.258,0.339,0.568,0.528,12.1,26.6,0.21,0.516,11.0,77.9,0.195,Moda Center,799345.0,19496.0
270,POR,2020,198.62800000000001,NBA,Portland Trail Blazers,True,27.5,35.0,39.0,34.0,40.0,-1.15,0.54,-0.61,113.7,114.8,-1.1,100.7,0.242,0.374,0.57,0.533,11.2,22.4,0.194,0.53,11.2,75.3,0.208,Moda Center,628303.0,19634.0
271,POR,2021,196.63833333333332,NBA,Portland Trail Blazers,True,27.4,42.0,30.0,40.0,32.0,1.79,0.01,1.81,117.8,116.0,1.8,98.4,0.238,0.448,0.577,0.54,9.9,23.0,0.195,0.546,11.2,77.5,0.203,Moda Center,5817.0,162.0
272,POR,2022,199.3295238095238,NBA,Portland Trail Blazers,False,25.6,27.0,55.0,20.0,62.0,-8.88,0.33,-8.55,107.8,116.9,-9.1,98.3,0.248,0.422,0.55,0.515,13.0,22.9,0.188,0.559,12.7,76.9,0.222,Moda Center,705608.0,17210.0
273,SAC,2012,199.39000000000001,NBA,Sacramento Kings,False,24.3,22.0,44.0,21.0,45.0,-5.68,0.73,-4.95,103.8,109.8,-6.0,94.7,0.268,0.228,0.51,0.472,13.0,29.1,0.197,0.515,13.9,70.5,0.199,Power Balance Pavilion,478764.0,14508.0
274,SAC,2013,201.45375,NBA,Sacramento Kings,False,25.6,28.0,54.0,28.0,54.0,-4.88,0.62,-4.26,106.2,111.4,-5.2,93.6,0.271,0.243,0.532,0.491,13.4,26.6,0.208,0.517,13.6,71.0,0.227,Sleep Train Arena,563743.0,13750.0
275,SAC,2014,202.00470588235294,NBA,Sacramento Kings,False,24.9,28.0,54.0,33.0,49.0,-2.9,0.82,-2.08,105.7,108.8,-3.1,94.4,0.331,0.218,0.532,0.484,13.9,27.8,0.251,0.512,12.7,76.6,0.234,Sleep Train Arena,667949.0,16291.0
276,SAC,2015,200.49066666666667,NBA,Sacramento Kings,False,26.0,29.0,53.0,31.0,51.0,-3.71,0.64,-3.07,105.3,109.2,-3.9,95.4,0.363,0.204,0.542,0.49,14.8,26.5,0.276,0.507,11.8,75.2,0.2,Sleep Train Arena,680049.0,16587.0
277,SAC,2016,198.59625,NBA,Sacramento Kings,False,26.6,33.0,49.0,34.0,48.0,-2.48,0.16,-2.32,106.0,108.4,-2.4,100.0,0.295,0.26,0.546,0.51,14.2,23.9,0.214,0.521,14.0,74.9,0.202,Sleep Train Arena,707526.0,17222.0
278,SAC,2017,201.29500000000002,NBA,Sacramento Kings,False,27.9,32.0,50.0,31.0,51.0,-3.88,0.58,-3.29,107.3,111.3,-4.0,94.9,0.284,0.291,0.556,0.516,13.7,21.0,0.22,0.528,12.9,76.3,0.227,Golden 1 Center,721928.0,17608.0
279,SAC,2018,200.5105882352941,NBA,Sacramento Kings,False,26.4,27.0,55.0,23.0,59.0,-6.99,0.39,-6.6,103.7,111.1,-7.4,94.9,0.194,0.278,0.529,0.502,12.8,21.5,0.143,0.542,13.5,77.6,0.199,Golden 1 Center,714680.0,17431.0
280,SAC,2019,200.09555555555553,NBA,Sacramento Kings,False,24.8,39.0,43.0,38.0,44.0,-1.12,0.31,-0.81,110.4,111.5,-1.1,103.1,0.244,0.321,0.554,0.524,11.5,23.1,0.177,0.533,13.6,75.5,0.207,Golden 1 Center,700975.0,17097.0
281,SAC,2020,199.85789473684213,NBA,Sacramento Kings,False,27.0,31.0,41.0,31.0,41.0,-2.04,0.46,-1.59,110.2,112.2,-2.0,98.9,0.23,0.395,0.566,0.534,13.0,21.9,0.177,0.543,13.6,78.4,0.225,Golden 1 Center,520663.0,16796.0
282,SAC,2021,200.279,NBA,Sacramento Kings,False,25.6,31.0,41.0,28.0,44.0,-3.68,0.23,-3.45,113.6,117.2,-3.6,100.0,0.248,0.376,0.578,0.549,12.0,21.3,0.185,0.557,12.1,75.0,0.199,Golden 1 Center,,
283,SAC,2022,199.898,NBA,Sacramento Kings,False,25.8,30.0,52.0,28.0,54.0,-5.46,0.2,-5.26,109.9,115.3,-5.4,99.8,0.264,0.377,0.561,0.525,12.5,21.3,0.203,0.551,11.9,76.0,0.176,Golden 1 Center,577583.0,14087.0
284,SAS,2012,199.47466666666665,NBA,San Antonio Spurs,True,27.5,50.0,16.0,48.0,18.0,7.17,0.11,7.28,110.9,103.2,7.7,92.9,0.261,0.257,0.562,0.528,12.8,25.1,0.195,0.489,12.9,76.0,0.168,AT&T Center,607095.0,18397.0
285,SAS,2013,200.82933333333332,NBA,San Antonio Spurs,True,28.6,58.0,24.0,58.0,24.0,6.4,0.27,6.67,108.3,101.6,6.7,94.2,0.258,0.264,0.568,0.531,14.0,20.5,0.204,0.48,13.7,74.9,0.179,AT&T Center,755700.0,18432.0
286,SAS,2014,200.51333333333332,NBA,San Antonio Spurs,True,28.9,62.0,20.0,61.0,21.0,7.72,0.28,8.0,110.5,102.4,8.1,95.0,0.24,0.257,0.571,0.537,13.5,22.7,0.188,0.482,12.8,76.4,0.184,AT&T Center,755031.0,18415.0
287,SAS,2015,200.09555555555553,NBA,San Antonio Spurs,True,29.8,55.0,27.0,58.0,24.0,6.2,0.14,6.34,108.5,102.0,6.5,93.8,0.256,0.269,0.555,0.517,13.1,23.4,0.2,0.484,13.3,77.3,0.19,AT&T Center,762855.0,18606.0
288,SAS,2016,200.50125,NBA,San Antonio Spurs,True,30.3,67.0,15.0,67.0,15.0,10.63,-0.36,10.28,110.3,99.0,11.3,93.8,0.246,0.223,0.564,0.526,12.4,23.0,0.197,0.477,14.1,79.1,0.182,AT&T Center,756445.0,18450.0
289,SAS,2017,199.2488888888889,NBA,San Antonio Spurs,True,29.6,61.0,21.0,60.0,22.0,7.2,-0.06,7.13,111.1,103.5,7.6,94.2,0.263,0.281,0.564,0.524,12.6,24.0,0.21,0.492,13.5,77.6,0.192,AT&T Center,755347.0,18423.0
290,SAS,2018,201.84533333333331,NBA,San Antonio Spurs,True,29.3,47.0,35.0,49.0,33.0,2.89,0.0,2.89,107.9,104.8,3.1,95.0,0.245,0.282,0.543,0.507,12.2,23.7,0.189,0.507,13.2,78.6,0.17,AT&T Center,754562.0,18404.0
291,SAS,2019,200.06235294117647,NBA,San Antonio Spurs,True,28.8,48.0,34.0,45.0,37.0,1.68,0.12,1.8,112.9,111.2,1.7,98.3,0.237,0.286,0.572,0.534,11.0,21.0,0.194,0.528,11.0,79.4,0.17,AT&T Center,750616.0,18308.0
292,SAS,2020,198.56823529411764,NBA,San Antonio Spurs,False,27.6,32.0,39.0,33.0,38.0,-1.11,0.46,-0.65,112.4,113.5,-1.1,100.5,0.262,0.318,0.572,0.531,11.2,20.1,0.212,0.542,11.7,79.2,0.193,AT&T Center,550515.0,18351.0
293,SAS,2021,198.54333333333335,NBA,San Antonio Spurs,False,26.2,33.0,39.0,32.0,40.0,-1.74,0.15,-1.58,111.0,112.8,-1.8,98.9,0.243,0.314,0.554,0.517,10.2,20.0,0.192,0.541,11.8,77.3,0.174,AT&T Center,61053.0,1696.0
294,SAS,2022,199.57142857142858,NBA,San Antonio Spurs,False,24.5,34.0,48.0,41.0,41.0,0.12,-0.1,0.02,112.4,112.3,0.1,100.0,0.22,0.345,0.556,0.527,11.1,23.7,0.166,0.532,12.1,75.1,0.176,AT&T Center,615588.0,15014.0
295,TOR,2012,199.47466666666665,NBA,Toronto Raptors,False,25.7,23.0,43.0,25.0,41.0,-3.3,-0.36,-3.67,100.8,104.5,-3.7,89.3,0.274,0.209,0.518,0.475,14.8,25.9,0.211,0.475,12.8,75.4,0.26,Air Canada Centre,555584.0,16836.0
296,TOR,2013,199.81333333333333,NBA,Toronto Raptors,False,25.4,34.0,48.0,37.0,45.0,-1.48,-0.48,-1.96,105.9,107.5,-1.6,90.4,0.274,0.249,0.532,0.488,13.0,25.5,0.216,0.5,13.6,73.4,0.247,Air Canada Centre,743936.0,18145.0
297,TOR,2014,200.985,NBA,Toronto Raptors,True,25.6,48.0,34.0,50.0,32.0,3.24,-0.69,2.55,108.8,105.3,3.5,91.8,0.306,0.285,0.545,0.498,13.2,27.2,0.239,0.493,14.1,74.9,0.237,Air Canada Centre,748339.0,18252.0
298,TOR,2015,202.2475,NBA,Toronto Raptors,True,26.1,49.0,33.0,49.0,33.0,3.07,-0.62,2.45,111.0,107.7,3.3,92.8,0.295,0.302,0.553,0.508,12.0,25.6,0.232,0.506,13.4,73.3,0.208,Air Canada Centre,809824.0,19752.0
299,TOR,2016,201.13625000000002,NBA,Toronto Raptors,True,26.3,56.0,26.0,53.0,29.0,4.5,-0.42,4.08,110.0,105.2,4.8,92.9,0.328,0.287,0.552,0.504,12.3,24.6,0.255,0.498,12.7,77.7,0.201,Air Canada Centre,812863.0,19826.0
300,TOR,2017,200.50125,NBA,Toronto Raptors,True,26.1,51.0,31.0,52.0,30.0,4.21,-0.56,3.65,112.3,107.8,4.5,94.7,0.293,0.289,0.561,0.517,11.8,25.0,0.233,0.507,13.5,76.3,0.223,Air Canada Centre,813050.0,19830.0
301,TOR,2018,198.96666666666667,NBA,Toronto Raptors,True,25.8,59.0,23.0,60.0,22.0,7.78,-0.49,7.29,113.8,105.9,7.9,97.4,0.25,0.377,0.575,0.539,12.1,23.0,0.198,0.501,13.0,77.7,0.212,Air Canada Centre,813431.0,19840.0
302,TOR,2019,198.2611111111111,NBA,Toronto Raptors,True,27.3,58.0,24.0,56.0,26.0,6.09,-0.6,5.49,113.1,107.1,6.0,100.2,0.247,0.379,0.579,0.543,12.4,21.9,0.198,0.509,13.1,77.1,0.19,Scotiabank Arena,812822.0,19825.0
303,TOR,2020,199.2488888888889,NBA,Toronto Raptors,True,26.6,53.0,19.0,50.0,22.0,6.24,-0.26,5.97,111.1,105.0,6.1,100.9,0.264,0.421,0.574,0.536,13.1,21.3,0.21,0.502,14.6,76.7,0.202,Scotiabank Arena,633456.0,19796.0
304,TOR,2021,199.77100000000002,NBA,Toronto Raptors,False,26.6,27.0,45.0,35.0,37.0,-0.47,-0.07,-0.54,112.0,112.5,-0.5,99.2,0.241,0.444,0.567,0.529,11.9,20.8,0.196,0.543,14.4,76.3,0.234,Amalie Arena,26024.0,723.0
305,TOR,2022,200.09555555555553,NBA,Toronto Raptors,True,24.8,48.0,34.0,47.0,35.0,2.29,0.08,2.38,112.9,110.5,2.4,96.0,0.234,0.375,0.543,0.51,11.0,28.4,0.177,0.535,14.4,75.6,0.199,Scotiabank Arena,547343.0,13350.0
306,UTA,2012,199.93428571428572,NBA,Utah Jazz,True,25.6,36.0,30.0,34.0,32.0,0.62,0.3,0.92,106.8,106.1,0.7,91.4,0.302,0.153,0.525,0.481,13.0,30.2,0.227,0.493,13.8,73.8,0.245,EnergySolutions Arena,637124.0,19307.0
307,UTA,2013,200.21176470588236,NBA,Utah Jazz,False,26.3,43.0,39.0,41.0,41.0,-0.09,0.38,0.3,106.7,106.8,-0.1,90.9,0.281,0.206,0.533,0.492,13.8,28.8,0.214,0.501,14.0,73.2,0.226,EnergySolutions Arena,763915.0,18632.0
308,UTA,2014,200.9775,NBA,Utah Jazz,False,24.5,25.0,57.0,22.0,60.0,-7.17,0.91,-6.27,103.5,111.3,-7.8,91.4,0.271,0.237,0.523,0.484,13.9,25.5,0.202,0.518,12.1,74.5,0.227,EnergySolutions Arena,745203.0,18176.0
309,UTA,2015,202.2475,NBA,Utah Jazz,False,23.4,38.0,44.0,42.0,40.0,0.22,0.49,0.71,105.1,104.9,0.2,90.4,0.297,0.274,0.531,0.494,14.6,29.1,0.214,0.491,12.8,76.3,0.199,EnergySolutions Arena,772059.0,18831.0
310,UTA,2016,201.84533333333331,NBA,Utah Jazz,False,24.2,40.0,42.0,46.0,36.0,1.79,0.05,1.84,105.9,103.9,2.0,91.0,0.286,0.297,0.54,0.501,14.2,25.9,0.213,0.495,13.5,77.7,0.21,Vivint Smart Home Arena,791489.0,19305.0
311,UTA,2017,199.39000000000001,NBA,Utah Jazz,True,26.8,51.0,31.0,52.0,30.0,3.94,0.06,4.0,109.6,105.3,4.3,91.6,0.288,0.327,0.563,0.526,13.2,23.2,0.215,0.493,11.8,78.9,0.195,Vivint Smart Home Arena,806142.0,19662.0
312,UTA,2018,200.36117647058822,NBA,Utah Jazz,True,26.7,48.0,34.0,53.0,29.0,4.3,0.17,4.47,108.4,103.9,4.5,95.7,0.26,0.357,0.564,0.527,13.7,21.5,0.202,0.506,14.0,79.8,0.19,Vivint Smart Home Arena,734806.0,17922.0
313,UTA,2019,196.28555555555556,NBA,Utah Jazz,True,27.3,50.0,32.0,54.0,28.0,5.26,0.03,5.28,110.9,105.7,5.2,100.3,0.295,0.394,0.572,0.538,13.4,22.9,0.217,0.507,12.4,80.3,0.189,Vivint Smart Home Arena,750546.0,18306.0
314,UTA,2020,198.26941176470586,NBA,Utah Jazz,True,27.3,44.0,28.0,42.0,30.0,2.47,0.05,2.52,112.3,109.9,2.4,98.6,0.268,0.414,0.585,0.549,13.7,21.6,0.208,0.518,11.1,78.9,0.185,Vivint Smart Home Arena,567486.0,18306.0
315,UTA,2021,198.755,NBA,Utah Jazz,True,28.5,52.0,20.0,55.0,17.0,9.25,-0.29,8.97,117.6,108.3,9.3,98.5,0.244,0.488,0.597,0.563,12.7,24.5,0.195,0.507,10.3,79.3,0.159,Vivint Smart Home Arena,151300.0,4203.0
316,UTA,2022,201.29500000000002,NBA,Utah Jazz,True,29.3,49.0,33.0,56.0,26.0,6.04,-0.37,5.67,116.7,110.5,6.2,97.1,0.271,0.468,0.589,0.555,12.7,25.4,0.208,0.521,10.9,78.3,0.164,Vivint Smart Home Arena,750546.0,18306.0
317,WAS,2012,202.4742857142857,NBA,Washington Wizards,False,24.2,20.0,46.0,22.0,44.0,-4.8,-0.34,-5.14,101.0,106.2,-5.2,92.5,0.253,0.196,0.508,0.472,14.2,27.3,0.184,0.492,14.2,70.9,0.229,Verizon Center,552038.0,16728.0
318,WAS,2013,202.18400000000003,NBA,Washington Wizards,False,25.4,29.0,53.0,33.0,49.0,-2.54,-0.25,-2.78,100.2,103.0,-2.8,92.2,0.261,0.223,0.512,0.475,14.2,24.6,0.191,0.483,13.7,74.6,0.206,Verizon Center,670070.0,16343.0
319,WAS,2014,200.50125,NBA,Washington Wizards,True,26.3,44.0,38.0,45.0,37.0,1.27,-0.79,0.48,106.0,104.6,1.4,93.2,0.248,0.246,0.538,0.506,13.6,25.2,0.181,0.504,15.0,75.7,0.22,Verizon Center,698068.0,17026.0
320,WAS,2015,200.66,NBA,Washington Wizards,True,28.6,46.0,36.0,43.0,39.0,0.72,-0.55,0.17,103.7,103.0,0.7,93.7,0.259,0.203,0.534,0.499,14.0,24.9,0.192,0.481,12.9,77.3,0.21,Verizon Center,747796.0,18239.0
321,WAS,2016,201.10823529411766,NBA,Washington Wizards,False,27.3,41.0,41.0,40.0,42.0,-0.5,0.0,-0.5,105.3,105.8,-0.5,98.5,0.263,0.282,0.544,0.511,13.1,20.6,0.192,0.515,14.6,77.7,0.218,Verizon Center,725426.0,17693.0
322,WAS,2017,201.168,NBA,Washington Wizards,True,26.0,49.0,33.0,46.0,36.0,1.8,-0.45,1.36,111.2,109.3,1.9,97.4,0.254,0.284,0.564,0.528,12.8,24.1,0.199,0.524,13.8,75.5,0.213,Verizon Center,697107.0,17003.0
323,WAS,2018,201.32842105263157,NBA,Washington Wizards,True,26.9,43.0,39.0,43.0,39.0,0.59,-0.06,0.53,109.3,108.7,0.6,96.6,0.254,0.31,0.56,0.525,13.3,23.5,0.196,0.522,13.6,77.1,0.212,Capital One Arena,739302.0,18032.0
324,WAS,2019,197.87809523809523,NBA,Washington Wizards,False,26.5,32.0,50.0,34.0,48.0,-2.9,-0.4,-3.3,111.1,113.9,-2.8,101.4,0.266,0.37,0.567,0.531,12.3,21.3,0.204,0.546,13.5,74.1,0.199,Capital One Arena,716996.0,17448.0
325,WAS,2020,200.09555555555553,NBA,Washington Wizards,False,25.1,25.0,47.0,26.0,46.0,-4.67,-0.57,-5.24,110.9,115.5,-4.6,102.7,0.27,0.358,0.562,0.523,12.2,22.2,0.213,0.558,13.9,75.3,0.231,Capital One Arena,532702.0,16647.0
326,WAS,2021,198.00956521739133,NBA,Washington Wizards,True,26.6,34.0,38.0,32.0,40.0,-1.83,-0.01,-1.85,111.2,113.0,-1.8,104.1,0.288,0.319,0.569,0.531,12.3,21.3,0.221,0.539,12.5,77.6,0.217,Capital One Arena,19198.0,533.0
327,WAS,2022,199.517,NBA,Washington Wizards,False,25.9,35.0,47.0,32.0,50.0,-3.38,0.15,-3.23,111.1,114.5,-3.4,97.0,0.252,0.356,0.568,0.532,12.1,20.9,0.197,0.529,10.7,76.9,0.202,Capital One Arena,641499.0,15646.0
